rcept_no,부,부제목,절번호,절제목,본문시작행,찾음
20260911000035,1,제1부. 모집 또는 매출에 관한 사항,1,집합투자기구의 명칭,618,O
20260911000035,1,제1부. 모집 또는 매출에 관한 사항,2,집합투자기구의 종류 및 형태,623,O
20260911000035,1,제1부. 모집 또는 매출에 관한 사항,3,모집 예정금액,651,O
20260911000035,1,제1부. 모집 또는 매출에 관한 사항,4,모집의 내용 및 절차,659,O
20260911000035,1,제1부. 모집 또는 매출에 관한 사항,5,인수에 관한 사항,676,O
20260911000035,1,제1부. 모집 또는 매출에 관한 사항,6,상장 및 매매에 관한 사항,680,O
20260911000035,2,제2부. 집합투자기구에 관한 사항,1,집합투자기구의 명칭,751,O
20260911000035,2,제2부. 집합투자기구에 관한 사항,2,집합투자기구의 연혁,756,O
20260911000035,2,제2부. 집합투자기구에 관한 사항,3,집합투자기구의 신탁계약기간,762,O
20260911000035,2,제2부. 집합투자기구에 관한 사항,4,집합투자업자,770,O
20260911000035,2,제2부. 집합투자기구에 관한 사항,5,운용전문인력,813,O
20260911000035,2,제2부. 집합투자기구에 관한 사항,6,집합투자기구의 구조,857,O
20260911000035,2,제2부. 집합투자기구에 관한 사항,7,집합투자기구의 투자목적,886,O
20260911000035,2,제2부. 집합투자기구에 관한 사항,8,집합투자기구의 투자대상,915,O
20260911000035,2,제2부. 집합투자기구에 관한 사항,9,"집합투자기구의 투자전략, 투자방침 및 수익구조",1180,O
20260911000035,2,제2부. 집합투자기구에 관한 사항,10,집합투자기구의 투자위험,1481,O
20260911000035,2,제2부. 집합투자기구에 관한 사항,11,"매입, 환매, 전환 절차 및 기준가격 적용 기준",1942,O
20260911000035,2,제2부. 집합투자기구에 관한 사항,12,기준가격 산정 기준 및 집합투자재산의 평가,2229,O
20260911000035,2,제2부. 집합투자기구에 관한 사항,13,보수 및 수수료에 관한 사항,2300,O
20260911000035,2,제2부. 집합투자기구에 관한 사항,14,이익 배분 및 과세에 관한 사항,,X
20260911000035,3,제3부. 집합투자기구의 재무 및 운용실적 등에 관한 사항,1,재무정보,2575,O
20260911000035,3,제3부. 집합투자기구의 재무 및 운용실적 등에 관한 사항,2,연도별 설정 및 환매 현황,2788,O
20260911000035,3,제3부. 집합투자기구의 재무 및 운용실적 등에 관한 사항,3,집합투자기구의 운용실적,2793,O
20260911000035,4,제4부. 집합투자기구 관련 회사에 관한 사항,1,집합투자업자에 관한 사항,2814,O
20260911000035,4,제4부. 집합투자기구 관련 회사에 관한 사항,2,운용관련 업무 수탁회사 등에 관한 사항,2912,O
20260911000035,4,제4부. 집합투자기구 관련 회사에 관한 사항,3,기타 집합투자기구 관련회사에 관한 사항,2959,O
20260911000035,5,제5부. 기타 투자자보호를 위해 필요한 사항,1,투자자의 권리에 관한 사항,3065,O
20260911000035,5,제5부. 기타 투자자보호를 위해 필요한 사항,2,집합투자증권의 해지에 관한 사항,,X
20260911000035,5,제5부. 기타 투자자보호를 위해 필요한 사항,3,집합투자기구의 공시에 관한 사항,3270,O
20260911000035,5,제5부. 기타 투자자보호를 위해 필요한 사항,4,이해관계인 등과의 거래에 관한 사항,3402,O
20260911000035,5,제5부. 기타 투자자보호를 위해 필요한 사항,5,집합투자업자의 고유재산 투자에 관한 사항,3429,O
20260911000035,5,제5부. 기타 투자자보호를 위해 필요한 사항,6,외국 집합투자기구에 관한 추가 기재사항,3438,O
20260911000056,1,제1부 모집 또는 매출에 관한 사항,1,집합투자기구의 명칭,441,O
20260911000056,1,제1부 모집 또는 매출에 관한 사항,2,집합투자기구의 종류 및 형태,447,O
20260911000056,1,제1부 모집 또는 매출에 관한 사항,3,모집예정금액,459,O
20260911000056,1,제1부 모집 또는 매출에 관한 사항,4,모집기간 및 모집장소,464,O
20260911000056,1,제1부 모집 또는 매출에 관한 사항,5,인수에 관한 사항,471,O
20260911000056,1,제1부 모집 또는 매출에 관한 사항,6,상장 및 매매에 관한 사항,474,O
20260911000056,2,제2부 집합투자기구에 관한 사항,1,집합투자기구의 명칭,625,O
20260911000056,2,제2부 집합투자기구에 관한 사항,2,집합투자기구의 연혁,631,O
20260911000056,2,제2부 집합투자기구에 관한 사항,3,집합투자기구의 신탁계약기간,649,O
20260911000056,2,제2부 집합투자기구에 관한 사항,4,집합투자업자,655,O
20260911000056,2,제2부 집합투자기구에 관한 사항,5,운용전문인력에 관한 사항,667,O
20260911000056,2,제2부 집합투자기구에 관한 사항,6,집합투자기구의 구조,718,O
20260911000056,2,제2부 집합투자기구에 관한 사항,7,집합투자기구의 투자목적,745,O
20260911000056,2,제2부 집합투자기구에 관한 사항,8,집합투자기구의 투자대상,752,O
20260911000056,2,제2부 집합투자기구에 관한 사항,9,"집합투자기구의 투자전략, 위험관리 및 수익구조",983,O
20260911000056,2,제2부 집합투자기구에 관한 사항,10,집합투자기구의 투자위험,1116,O
20260911000056,2,제2부 집합투자기구에 관한 사항,11,"매입, 환매 및 전환 기준",1491,O
20260911000056,2,제2부 집합투자기구에 관한 사항,12,기준가격 산정기준 및 집합투자재산의 평가,1737,O
20260911000056,2,제2부 집합투자기구에 관한 사항,13,보수 및 수수료에 관한 사항,1834,O
20260911000056,2,제2부 집합투자기구에 관한 사항,14,이익배분 및 과세에 관한 사항,1934,O
20260911000056,3,제3부 집합투자기구의 재무 및 운용실적 등에 관한 사항,1,재무정보,2062,O
20260911000056,3,제3부 집합투자기구의 재무 및 운용실적 등에 관한 사항,2,연도별 설정 및 환매현황,2151,O
20260911000056,3,제3부 집합투자기구의 재무 및 운용실적 등에 관한 사항,3,집합투자기구의 운용실적,2166,O
20260911000056,4,제4부 집합투자기구 관련회사에 관한 사항,1,집합투자업자에 관한 사항,2257,O
20260911000056,4,제4부 집합투자기구 관련회사에 관한 사항,2,운용관련 업무 수탁회사 등에 관한 사항,2337,O
20260911000056,4,제4부 집합투자기구 관련회사에 관한 사항,3,기타 집합투자기구 관련회사에 관한 사항,2347,O
20260911000056,5,제5부 기타 투자자보호를 위해 필요한 사항,1,투자자의 권리에 관한 사항,2444,O
20260911000056,5,제5부 기타 투자자보호를 위해 필요한 사항,2,집합투자기구의 해지에 관한 사항,2561,O
20260911000056,5,제5부 기타 투자자보호를 위해 필요한 사항,3,집합투자기구의 공시에 관한 사항,2579,O
20260911000056,5,제5부 기타 투자자보호를 위해 필요한 사항,4,이해관계인 등과의 거래에 관한 사항,2723,O
20260911000056,5,제5부 기타 투자자보호를 위해 필요한 사항,5,집합투자업자의 고유재산 투자에 관한 사항,2746,O
20260911000056,5,제5부 기타 투자자보호를 위해 필요한 사항,6,외국 집합투자기구에 관한 추가 기재사항,2749,O
20260911000063,1,제1부 모집 또는 매출에 관한 사항,1,집합투자기구의 명칭,416,O
20260911000063,1,제1부 모집 또는 매출에 관한 사항,2,집합투자기구의 종류 및 형태,420,O
20260911000063,1,제1부 모집 또는 매출에 관한 사항,3,모집예정금액,432,O
20260911000063,1,제1부 모집 또는 매출에 관한 사항,4,모집기간 및 모집장소,437,O
20260911000063,1,제1부 모집 또는 매출에 관한 사항,5,인수에 관한 사항,444,O
20260911000063,1,제1부 모집 또는 매출에 관한 사항,6,상장 및 매매에 관한 사항,447,O
20260911000063,2,제2부 집합투자기구에 관한 사항,1,집합투자기구의 명칭,518,O
20260911000063,2,제2부 집합투자기구에 관한 사항,2,집합투자기구의 연혁,523,O
20260911000063,2,제2부 집합투자기구에 관한 사항,3,집합투자기구의 신탁계약기간,533,O
20260911000063,2,제2부 집합투자기구에 관한 사항,4,집합투자업자,539,O
20260911000063,2,제2부 집합투자기구에 관한 사항,5,운용전문인력에 관한 사항,551,O
20260911000063,2,제2부 집합투자기구에 관한 사항,6,집합투자기구의 구조,594,O
20260911000063,2,제2부 집합투자기구에 관한 사항,7,집합투자기구의 투자목적,622,O
20260911000063,2,제2부 집합투자기구에 관한 사항,8,집합투자기구의 투자대상,629,O
20260911000063,2,제2부 집합투자기구에 관한 사항,9,"집합투자기구의 투자전략, 위험관리 및 수익구조",839,O
20260911000063,2,제2부 집합투자기구에 관한 사항,10,집합투자기구의 투자위험,994,O
20260911000063,2,제2부 집합투자기구에 관한 사항,11,"매입, 환매 및 전환 기준",1283,O
20260911000063,2,제2부 집합투자기구에 관한 사항,12,기준가격 산정기준 및 집합투자재산의 평가,1584,O
20260911000063,2,제2부 집합투자기구에 관한 사항,13,보수 및 수수료에 관한 사항,1679,O
20260911000063,2,제2부 집합투자기구에 관한 사항,14,이익배분 및 과세에 관한 사항,1776,O
20260911000063,3,제3부 집합투자기구의 재무 및 운용실적 등에 관한 사항,1,재무정보,1900,O
20260911000063,3,제3부 집합투자기구의 재무 및 운용실적 등에 관한 사항,2,연도별 설정 및 환매현황,1976,O
20260911000063,3,제3부 집합투자기구의 재무 및 운용실적 등에 관한 사항,3,집합투자기구의 운용실적,2001,O
20260911000063,4,제4부 집합투자기구 관련회사에 관한 사항,1,집합투자업자에 관한 사항,2096,O
20260911000063,4,제4부 집합투자기구 관련회사에 관한 사항,2,운용관련 업무 수탁회사 등에 관한 사항,2176,O
20260911000063,4,제4부 집합투자기구 관련회사에 관한 사항,3,기타 집합투자기구 관련회사에 관한 사항,2186,O
20260911000063,5,제5부 기타 투자자보호를 위해 필요한 사항,1,투자자의 권리에 관한 사항,2283,O
20260911000063,5,제5부 기타 투자자보호를 위해 필요한 사항,2,집합투자기구의 해지에 관한 사항,2400,O
20260911000063,5,제5부 기타 투자자보호를 위해 필요한 사항,3,집합투자기구의 공시에 관한 사항,2418,O
20260911000063,5,제5부 기타 투자자보호를 위해 필요한 사항,4,이해관계인 등과의 거래에 관한 사항,2517,O
20260911000063,5,제5부 기타 투자자보호를 위해 필요한 사항,5,집합투자업자의 고유재산 투자에 관한 사항,2540,O
20260911000063,5,제5부 기타 투자자보호를 위해 필요한 사항,6,외국 집합투자기구에 관한 추가 기재사항,2543,O
20260911000067,1,제1부 모집 또는 매출에 관한 사항,1,집합투자기구의 명칭,535,O
20260911000067,1,제1부 모집 또는 매출에 관한 사항,2,집합투자기구의 종류 및 형태,552,O
20260911000067,1,제1부 모집 또는 매출에 관한 사항,3,모집예정금액,567,O
20260911000067,1,제1부 모집 또는 매출에 관한 사항,4,모집의 내용 및 절차,574,O
20260911000067,1,제1부 모집 또는 매출에 관한 사항,5,인수에 관한 사항,581,O
20260911000067,1,제1부 모집 또는 매출에 관한 사항,6,상장 및 매매에 관한 사항,587,O
20260911000067,2,제2부 집합투자기구에 관한 사항,1,집합투자기구의 명칭,596,O
20260911000067,2,제2부 집합투자기구에 관한 사항,2,집합투자기구의 연혁,627,O
20260911000067,2,제2부 집합투자기구에 관한 사항,3,집합투자기구의 신탁계약기간,647,O
20260911000067,2,제2부 집합투자기구에 관한 사항,4,집합투자업자,657,O
20260911000067,2,제2부 집합투자기구에 관한 사항,5,운용전문인력에 관한 사항,669,O
20260911000067,2,제2부 집합투자기구에 관한 사항,6,집합투자기구의 구조,767,O
20260911000067,2,제2부 집합투자기구에 관한 사항,7,집합투자기구의 투자목적,922,O
20260911000067,2,제2부 집합투자기구에 관한 사항,8,집합투자기구의 투자대상,929,O
20260911000067,2,제2부 집합투자기구에 관한 사항,9,"집합투자기구의 투자전략, 위험관리 및 수익구조",1211,O
20260911000067,2,제2부 집합투자기구에 관한 사항,10,집합투자기구의 투자위험,1312,O
20260911000067,2,제2부 집합투자기구에 관한 사항,11,"매입, 환매 및 전환 기준",1511,O
20260911000067,2,제2부 집합투자기구에 관한 사항,12,기준가격 산정기준 및 집합투자재산의 평가,1665,O
20260911000067,2,제2부 집합투자기구에 관한 사항,13,보수 및 수수료에 관한 사항,1758,O
20260911000067,2,제2부 집합투자기구에 관한 사항,14,이익배분 및 과세에 관한 사항,2016,O
20260911000067,3,제3부 집합투자기구의 재무 및 운용실적 등에 관한 사항,1,재무정보,2192,O
20260911000067,3,제3부 집합투자기구의 재무 및 운용실적 등에 관한 사항,2,연도별 설정 및 환매현황,2281,O
20260911000067,3,제3부 집합투자기구의 재무 및 운용실적 등에 관한 사항,3,집합투자기구의 운용실적,2375,O
20260911000067,4,제4부 집합투자기구 관련회사에 관한 사항,1,집합투자업자에 관한 사항,2511,O
20260911000067,4,제4부 집합투자기구 관련회사에 관한 사항,2,운용관련 업무 수탁회사 등에 관한 사항,2591,O
20260911000067,4,제4부 집합투자기구 관련회사에 관한 사항,3,기타 집합투자기구 관련회사에 관한 사항,2601,O
20260911000067,5,제5부 기타 투자자보호를 위해 필요한 사항,1,투자자의 권리에 관한 사항,2698,O
20260911000067,5,제5부 기타 투자자보호를 위해 필요한 사항,2,집합투자기구의 해지에 관한 사항,2823,O
20260911000067,5,제5부 기타 투자자보호를 위해 필요한 사항,3,집합투자기구의 공시에 관한 사항,2841,O
20260911000067,5,제5부 기타 투자자보호를 위해 필요한 사항,4,이해관계인 등과의 거래에 관한 사항,3009,O
20260911000067,5,제5부 기타 투자자보호를 위해 필요한 사항,5,집합투자업자의 고유재산 투자에 관한 사항,3030,O
20260911000067,5,제5부 기타 투자자보호를 위해 필요한 사항,6,외국 집합투자기구에 관한 추가 기재사항,3033,O
20260911000093,1,제1부 모집 또는 매출에 관한 사항,1,집합투자기구의 명칭,599,O
20260911000093,1,제1부 모집 또는 매출에 관한 사항,2,집합투자기구의 종류 및 형태,619,O
20260911000093,1,제1부 모집 또는 매출에 관한 사항,3,모집예정금액,633,O
20260911000093,1,제1부 모집 또는 매출에 관한 사항,4,모집의 내용 및 절차,640,O
20260911000093,1,제1부 모집 또는 매출에 관한 사항,5,인수에 관한 사항,650,O
20260911000093,1,제1부 모집 또는 매출에 관한 사항,6,상장 및 매매에 관한 사항,653,O
20260911000093,2,제2부 집합투자기구에 관한 사항,1,집합투자기구의 명칭,662,O
20260911000093,2,제2부 집합투자기구에 관한 사항,2,집합투자기구의 연혁,699,O
20260911000093,2,제2부 집합투자기구에 관한 사항,3,집합투자기구의 신탁계약기간,730,O
20260911000093,2,제2부 집합투자기구에 관한 사항,4,집합투자업자,736,O
20260911000093,2,제2부 집합투자기구에 관한 사항,5,운용전문인력에 관한 사항,748,O
20260911000093,2,제2부 집합투자기구에 관한 사항,6,집합투자기구의 구조,798,O
20260911000093,2,제2부 집합투자기구에 관한 사항,7,집합투자기구의 투자목적,937,O
20260911000093,2,제2부 집합투자기구에 관한 사항,8,집합투자기구의 투자대상,959,O
20260911000093,2,제2부 집합투자기구에 관한 사항,9,"집합투자기구의 투자전략, 위험관리 및 수익구조",1114,O
20260911000093,2,제2부 집합투자기구에 관한 사항,10,집합투자기구의 투자위험,1273,O
20260911000093,2,제2부 집합투자기구에 관한 사항,11,"매입, 환매 및 전환 기준",1682,O
20260911000093,2,제2부 집합투자기구에 관한 사항,12,기준가격 산정기준 및 집합투자재산의 평가,1842,O
20260911000093,2,제2부 집합투자기구에 관한 사항,13,보수 및 수수료에 관한 사항,1949,O
20260911000093,2,제2부 집합투자기구에 관한 사항,14,이익배분 및 과세에 관한 사항,2246,O
20260911000093,3,제3부 집합투자기구의 재무 및 운용실적 등에 관한 사항,1,재무정보,2417,O
20260911000093,3,제3부 집합투자기구의 재무 및 운용실적 등에 관한 사항,2,연도별 설정 및 환매현황,2493,O
20260911000093,3,제3부 집합투자기구의 재무 및 운용실적 등에 관한 사항,3,집합투자기구의 운용실적,2576,O
20260911000093,4,제4부 집합투자기구 관련회사에 관한 사항,1,집합투자업자에 관한 사항,2682,O
20260911000093,4,제4부 집합투자기구 관련회사에 관한 사항,2,운용관련 업무 수탁회사 등에 관한 사항,2762,O
20260911000093,4,제4부 집합투자기구 관련회사에 관한 사항,3,기타 집합투자기구 관련회사에 관한 사항,2772,O
20260911000093,5,제5부 기타 투자자보호를 위해 필요한 사항,1,투자자의 권리에 관한 사항,2869,O
20260911000093,5,제5부 기타 투자자보호를 위해 필요한 사항,2,집합투자기구의 해지에 관한 사항,2994,O
20260911000093,5,제5부 기타 투자자보호를 위해 필요한 사항,3,집합투자기구의 공시에 관한 사항,3016,O
20260911000093,5,제5부 기타 투자자보호를 위해 필요한 사항,4,이해관계인 등과의 거래에 관한 사항,3178,O
20260911000093,5,제5부 기타 투자자보호를 위해 필요한 사항,5,집합투자업자의 고유재산 투자에 관한 사항,3199,O
20260911000093,5,제5부 기타 투자자보호를 위해 필요한 사항,6,외국 집합투자기구에 관한 추가 기재사항,3212,O
20260911000180,1,제1부 모집 또는 매출에 관한 사항,1,집합투자기구의 명칭,508,O
20260911000180,1,제1부 모집 또는 매출에 관한 사항,2,집합투자기구의 종류 및 형태,528,O
20260911000180,1,제1부 모집 또는 매출에 관한 사항,3,모집예정금액,543,O
20260911000180,1,제1부 모집 또는 매출에 관한 사항,4,모집의 내용 및 절차,550,O
20260911000180,1,제1부 모집 또는 매출에 관한 사항,5,인수에 관한 사항,558,O
20260911000180,1,제1부 모집 또는 매출에 관한 사항,6,상장 및 매매에 관한 사항,561,O
20260911000180,2,제2부 집합투자기구에 관한 사항,1,집합투자기구의 명칭,570,O
20260911000180,2,제2부 집합투자기구에 관한 사항,2,집합투자기구의 연혁,607,O
20260911000180,2,제2부 집합투자기구에 관한 사항,3,집합투자기구의 신탁계약기간,650,O
20260911000180,2,제2부 집합투자기구에 관한 사항,4,집합투자업자,656,O
20260911000180,2,제2부 집합투자기구에 관한 사항,5,운용전문인력에 관한 사항,668,O
20260911000180,2,제2부 집합투자기구에 관한 사항,6,집합투자기구의 구조,829,O
20260911000180,2,제2부 집합투자기구에 관한 사항,7,집합투자기구의 투자목적,1003,O
20260911000180,2,제2부 집합투자기구에 관한 사항,8,집합투자기구의 투자대상,1009,O
20260911000180,2,제2부 집합투자기구에 관한 사항,9,"집합투자기구의 투자전략, 위험관리 및 수익구조",1264,O
20260911000180,2,제2부 집합투자기구에 관한 사항,10,집합투자기구의 투자위험,1310,O
20260911000180,2,제2부 집합투자기구에 관한 사항,11,"매입, 환매 및 전환 기준",1475,O
20260911000180,2,제2부 집합투자기구에 관한 사항,12,기준가격 산정기준 및 집합투자재산의 평가,1643,O
20260911000180,2,제2부 집합투자기구에 관한 사항,13,보수 및 수수료에 관한 사항,1735,O
20260911000180,2,제2부 집합투자기구에 관한 사항,14,이익배분 및 과세에 관한 사항,2029,O
20260911000180,3,제3부 집합투자기구의 재무 및 운용실적 등에 관한 사항,1,재무정보,2196,O
20260911000180,3,제3부 집합투자기구의 재무 및 운용실적 등에 관한 사항,2,연도별 설정 및 환매현황,2272,O
20260911000180,3,제3부 집합투자기구의 재무 및 운용실적 등에 관한 사항,3,집합투자기구의 운용실적,2399,O
20260911000180,4,제4부 집합투자기구 관련회사에 관한 사항,1,집합투자업자에 관한 사항,2538,O
20260911000180,4,제4부 집합투자기구 관련회사에 관한 사항,2,운용관련 업무 수탁회사 등에 관한 사항,2618,O
20260911000180,4,제4부 집합투자기구 관련회사에 관한 사항,3,기타 집합투자기구 관련회사에 관한 사항,2628,O
20260911000180,5,제5부 기타 투자자보호를 위해 필요한 사항,1,투자자의 권리에 관한 사항,2725,O
20260911000180,5,제5부 기타 투자자보호를 위해 필요한 사항,2,집합투자기구의 해지에 관한 사항,2850,O
20260911000180,5,제5부 기타 투자자보호를 위해 필요한 사항,3,집합투자기구의 공시에 관한 사항,2868,O
20260911000180,5,제5부 기타 투자자보호를 위해 필요한 사항,4,이해관계인 등과의 거래에 관한 사항,3029,O
20260911000180,5,제5부 기타 투자자보호를 위해 필요한 사항,5,집합투자업자의 고유재산 투자에 관한 사항,3050,O
20260911000180,5,제5부 기타 투자자보호를 위해 필요한 사항,6,외국 집합투자기구에 관한 추가 기재사항,3053,O
20260911000231,1,제1부                      모집 또는 매출에 관한 사항,1,집합투자기구의 명칭,532,O
20260911000231,1,제1부                      모집 또는 매출에 관한 사항,2,집합투자기구의 종류 및 형태,547,O
20260911000231,1,제1부                      모집 또는 매출에 관한 사항,3,모집예정금액,561,O
20260911000231,1,제1부                      모집 또는 매출에 관한 사항,4,모집의 내용 및 절차,570,O
20260911000231,1,제1부                      모집 또는 매출에 관한 사항,5,인수에 관한 사항,582,O
20260911000231,1,제1부                      모집 또는 매출에 관한 사항,6,상장 및 매매에 관한 사항,585,O
20260911000231,2,제2부                          집합투자기구에 관한 사항,1,집합투자기구의 명칭,594,O
20260911000231,2,제2부                          집합투자기구에 관한 사항,2,집합투자기구의 연혁,609,O
20260911000231,2,제2부                          집합투자기구에 관한 사항,3,집합투자기구의 신탁계약기간,634,O
20260911000231,2,제2부                          집합투자기구에 관한 사항,4,집합투자업자,645,O
20260911000231,2,제2부                          집합투자기구에 관한 사항,5,운용전문인력에 관한 사항,653,O
20260911000231,2,제2부                          집합투자기구에 관한 사항,6,집합투자기구의 구조,686,O
20260911000231,2,제2부                          집합투자기구에 관한 사항,7,집합투자기구의 투자목적,801,O
20260911000231,2,제2부                          집합투자기구에 관한 사항,8,집합투자기구의 투자대상,816,O
20260911000231,2,제2부                          집합투자기구에 관한 사항,9,"집합투자기구의 투자전략, 투자방침 및 수익구조",1074,O
20260911000231,2,제2부                          집합투자기구에 관한 사항,10,집합투자기구의 투자위험,1219,O
20260911000231,2,제2부                          집합투자기구에 관한 사항,11,"매입, 환매, 전환절차 및 기준가격 적용기준",1428,O
20260911000231,2,제2부                          집합투자기구에 관한 사항,12,기준가격 산정기준 및 집합투자재산의 평가,1590,O
20260911000231,2,제2부                          집합투자기구에 관한 사항,13,보수 및 수수료에 관한 사항,1677,O
20260911000231,2,제2부                          집합투자기구에 관한 사항,14,이익 배분 및 과세에 관한 사항,1840,O
20260911000231,3,제3부                          집합투자기구의 재무 및 운용실적 등에 관한 사항,1,재무정보,1958,O
20260911000231,3,제3부                          집합투자기구의 재무 및 운용실적 등에 관한 사항,2,연도별 설정 및 환매 현황,2204,O
20260911000231,3,제3부                          집합투자기구의 재무 및 운용실적 등에 관한 사항,3,집합투자기구의 운용실적,2240,O
20260911000231,4,제4부                        집합투자기구 관련회사에 관한 사항,1,집합투자업자에 관한 사항,2384,O
20260911000231,4,제4부                        집합투자기구 관련회사에 관한 사항,2,운용관련 업무 수탁회사 등에 관한 사항,2457,O
20260911000231,4,제4부                        집합투자기구 관련회사에 관한 사항,3,집합투자재산 관리회사에 관한 사항(신탁업자),2464,O
20260911000231,4,제4부                        집합투자기구 관련회사에 관한 사항,4,일반사무관리회사에 관한 사항,2513,O
20260911000231,4,제4부                        집합투자기구 관련회사에 관한 사항,5,집합투자기구 평가회사에 관한 사항,2538,O
20260911000231,4,제4부                        집합투자기구 관련회사에 관한 사항,6,채권평가회사에 관한 사항,2542,O
20260911000231,5,제5부                 기타 투자자보호를 위해 필요한 사항,1,투자자의 권리에 관한 사항,2566,O
20260911000231,5,제5부                 기타 투자자보호를 위해 필요한 사항,2,집합투자기구의 해지에 관한 사항,2721,O
20260911000231,5,제5부                 기타 투자자보호를 위해 필요한 사항,3,집합투자기구의 공시에 관한 사항,2747,O
20260911000231,5,제5부                 기타 투자자보호를 위해 필요한 사항,4,이해관계인 등과의 거래에 관한 사항,2896,O
20260911000231,5,제5부                 기타 투자자보호를 위해 필요한 사항,5,집합투자업자의 고유재산 투자에 관한 사항,2933,O
20260911000231,5,제5부                 기타 투자자보호를 위해 필요한 사항,6,외국 집합투자기구에 관한 추가 기재사항,2936,O
20260911000281,1,제1부                      모집 또는 매출에 관한 사항,1,집합투자기구의 명칭,569,O
20260911000281,1,제1부                      모집 또는 매출에 관한 사항,2,집합투자기구의 종류 및 형태,590,O
20260911000281,1,제1부                      모집 또는 매출에 관한 사항,3,모집예정금액,604,O
20260911000281,1,제1부                      모집 또는 매출에 관한 사항,4,모집의 내용 및 절차,618,O
20260911000281,1,제1부                      모집 또는 매출에 관한 사항,5,인수에 관한 사항,627,O
20260911000281,1,제1부                      모집 또는 매출에 관한 사항,6,상장 및 매매에 관한 사항,630,O
20260911000281,2,제2부                           집합투자기구에 관한 사항,1,집합투자기구의 명칭,639,O
20260911000281,2,제2부                           집합투자기구에 관한 사항,2,집합투자기구의 연혁,660,O
20260911000281,2,제2부                           집합투자기구에 관한 사항,3,집합투자기구의 신탁계약기간,718,O
20260911000281,2,제2부                           집합투자기구에 관한 사항,4,집합투자업자,726,O
20260911000281,2,제2부                           집합투자기구에 관한 사항,5,운용전문인력에 관한 사항,738,O
20260911000281,2,제2부                           집합투자기구에 관한 사항,6,집합투자기구의 구조,771,O
20260911000281,2,제2부                           집합투자기구에 관한 사항,7,집합투자기구의 투자목적,905,O
20260911000281,2,제2부                           집합투자기구에 관한 사항,8,집합투자기구의 투자대상,920,O
20260911000281,2,제2부                           집합투자기구에 관한 사항,9,"집합투자기구의 투자전략, 투자방침 및 수익구조",1198,O
20260911000281,2,제2부                           집합투자기구에 관한 사항,10,집합투자기구의 투자위험,1312,O
20260911000281,2,제2부                           집합투자기구에 관한 사항,11,"매입, 환매, 전환절차 및 기준가격 적용기준",1675,O
20260911000281,2,제2부                           집합투자기구에 관한 사항,12,기준가격 산정기준 및 집합투자재산의 평가,1875,O
20260911000281,2,제2부                           집합투자기구에 관한 사항,13,보수 및 수수료에 관한 사항,1967,O
20260911000281,2,제2부                           집합투자기구에 관한 사항,14,이익 배분 및 과세에 관한 사항,2218,O
20260911000281,3,제3부                          집합투자기구의 재무 및 운용실적 등에 관한 사항,1,재무정보,2376,O
20260911000281,3,제3부                          집합투자기구의 재무 및 운용실적 등에 관한 사항,2,연도별 설정 및 환매 현황,2623,O
20260911000281,3,제3부                          집합투자기구의 재무 및 운용실적 등에 관한 사항,3,집합투자기구의 운용실적,2809,O
20260911000281,4,제4부                        집합투자기구 관련회사에 관한 사항,1,집합투자업자에 관한 사항,2993,O
20260911000281,4,제4부                        집합투자기구 관련회사에 관한 사항,2,운용관련 업무 수탁회사 등에 관한 사항,3066,O
20260911000281,4,제4부                        집합투자기구 관련회사에 관한 사항,3,집합투자재산 관리회사에 관한 사항(신탁업자),3073,O
20260911000281,4,제4부                        집합투자기구 관련회사에 관한 사항,4,일반사무관리회사에 관한 사항,3122,O
20260911000281,4,제4부                        집합투자기구 관련회사에 관한 사항,5,집합투자기구 평가회사에 관한 사항,3147,O
20260911000281,4,제4부                        집합투자기구 관련회사에 관한 사항,6,채권평가회사에 관한 사항,3151,O
20260911000281,5,제5부                 기타 투자자보호를 위해 필요한 사항,1,투자자의 권리에 관한 사항,3175,O
20260911000281,5,제5부                 기타 투자자보호를 위해 필요한 사항,2,집합투자기구의 해지에 관한 사항,3330,O
20260911000281,5,제5부                 기타 투자자보호를 위해 필요한 사항,3,집합투자기구의 공시에 관한 사항,3356,O
20260911000281,5,제5부                 기타 투자자보호를 위해 필요한 사항,4,이해관계인 등과의 거래에 관한 사항,3505,O
20260911000281,5,제5부                 기타 투자자보호를 위해 필요한 사항,5,집합투자업자의 고유재산 투자에 관한 사항,3542,O
20260911000281,5,제5부                 기타 투자자보호를 위해 필요한 사항,6,외국 집합투자기구에 관한 추가 기재사항,3545,O
20260911000448,1,제1부 모집 또는 매출에 관한 사항,1,집합투자기구의 명칭,383,O
20260911000448,1,제1부 모집 또는 매출에 관한 사항,2,집합투자기구의 종류 및 형태,393,O
20260911000448,1,제1부 모집 또는 매출에 관한 사항,3,모집예정금액,407,O
20260911000448,1,제1부 모집 또는 매출에 관한 사항,4,모집의 내용 및 절차,414,O
20260911000448,1,제1부 모집 또는 매출에 관한 사항,5,인수에 관한 사항,421,O
20260911000448,1,제1부 모집 또는 매출에 관한 사항,6,상장 및 매매에 관한 사항,424,O
20260911000448,2,제2부 집합투자기구에 관한 사항,1,집합투자기구의 명칭,433,O
20260911000448,2,제2부 집합투자기구에 관한 사항,2,집합투자기구의 연혁,450,O
20260911000448,2,제2부 집합투자기구에 관한 사항,3,집합투자기구의 신탁계약기간,456,O
20260911000448,2,제2부 집합투자기구에 관한 사항,4,집합투자업자,462,O
20260911000448,2,제2부 집합투자기구에 관한 사항,5,운용전문인력에 관한 사항,474,O
20260911000448,2,제2부 집합투자기구에 관한 사항,6,집합투자기구의 구조,519,O
20260911000448,2,제2부 집합투자기구에 관한 사항,7,집합투자기구의 투자목적,592,O
20260911000448,2,제2부 집합투자기구에 관한 사항,8,집합투자기구의 투자대상,602,O
20260911000448,2,제2부 집합투자기구에 관한 사항,9,"집합투자기구의 투자전략, 위험관리 및 수익구조",820,O
20260911000448,2,제2부 집합투자기구에 관한 사항,10,집합투자기구의 투자위험,879,O
20260911000448,2,제2부 집합투자기구에 관한 사항,11,"매입, 환매 및 전환 기준",1067,O
20260911000448,2,제2부 집합투자기구에 관한 사항,12,기준가격 산정기준 및 집합투자재산의 평가,1198,O
20260911000448,2,제2부 집합투자기구에 관한 사항,13,보수 및 수수료에 관한 사항,1293,O
20260911000448,2,제2부 집합투자기구에 관한 사항,14,이익배분 및 과세에 관한 사항,1463,O
20260911000448,3,제3부 집합투자기구의 재무 및 운용실적 등에 관한 사항,1,재무정보,1537,O
20260911000448,3,제3부 집합투자기구의 재무 및 운용실적 등에 관한 사항,2,연도별 설정 및 환매현황,1539,O
20260911000448,3,제3부 집합투자기구의 재무 및 운용실적 등에 관한 사항,3,집합투자기구의 운용실적,1541,O
20260911000448,4,제4부 집합투자기구 관련회사에 관한 사항,1,집합투자업자에 관한 사항,1553,O
20260911000448,4,제4부 집합투자기구 관련회사에 관한 사항,2,운용관련 업무 수탁회사 등에 관한 사항,1633,O
20260911000448,4,제4부 집합투자기구 관련회사에 관한 사항,3,기타 집합투자기구 관련회사에 관한 사항,1643,O
20260911000448,5,제5부 기타 투자자보호를 위해 필요한 사항,1,투자자의 권리에 관한 사항,1740,O
20260911000448,5,제5부 기타 투자자보호를 위해 필요한 사항,2,집합투자기구의 해지에 관한 사항,1865,O
20260911000448,5,제5부 기타 투자자보호를 위해 필요한 사항,3,집합투자기구의 공시에 관한 사항,1883,O
20260911000448,5,제5부 기타 투자자보호를 위해 필요한 사항,4,이해관계인 등과의 거래에 관한 사항,2044,O
20260911000448,5,제5부 기타 투자자보호를 위해 필요한 사항,5,집합투자업자의 고유재산 투자에 관한 사항,2065,O
20260911000448,5,제5부 기타 투자자보호를 위해 필요한 사항,6,외국 집합투자기구에 관한 추가 기재사항,2096,O
