mgmt_code,mgmt_name,short_name,former_name
4C4,가우스자산운용,가우스,
3U3,갤럭시자산운용,갤럭시,
4I6,골드존자산운용,골드존,
309,골든브릿지자산운용,골든브릿지,
207,교보악사자산운용,교보악사,
4E4,구도자산운용,구도,
3Q1,국제자산운용,국제,
3E2,그로쓰힐자산운용,그로쓰힐,
395,글로벌원자산운용,글로벌원,아주자산운용(주)
3L2,나눔자산운용,나눔,
3Z3,누림자산운용,누림운용,누림투자자문
4G3,누버거버먼자산운용,누버거버먼,
4A6,다원자산운용,다원,
4E8,단디자산운용,단디,
3N3,대덕자산운용,대덕,
203,대신자산운용,대신,
3S3,더글로벌자산운용,더글로벌,
3S1,더블유더블유지자산운용,더블유더블유지,
4I4,더블유에스자산운용,더블유에스,
3K9,더블유자산운용,더블유,
4G9,더퍼블릭자산운용,더퍼블릭,
3S2,데이원자산운용,데이원,파란자산운용
3P5,도미넌트자산운용,도미넌트,아이스텀자산운용
4I7,두나미스자산운용,두나미스,
231,디더블유에스자산운용,DWS,도이치자산운용
216,디비자산운용,DB,
3W4,디셈버앤컴퍼니자산운용,디셈버,
3Q6,디스커버리자산운용,디스커버리,
3U1,디에스네트웍스자산운용,디에스네트웍스,
3F0,디에스자산운용,디에스,
3Y4,디와이자산운용,디와이,
3B3,라살자산운용,라살,
3H8,라이노스자산운용,라이노스,
3X8,라이언자산운용,라이언,
4D4,라이프자산운용,라이프,다름자산운용
367,라자드코리아자산운용,라자드코리아,
3P9,라쿤자산운용,라쿤,
3V3,람다자산운용,람다,
4F8,레드힐자산운용,레드힐,
4A7,레인메이커자산운용,레인메이커,
3J5,로만자산운용,로만,
3J2,로버스트자산운용,로버스트,
3S4,루트엔글로벌자산운용,루트엔글로벌,
3M8,르네상스자산운용,르네상스,트러스톤멀티자산운용
3M1,리딩자산운용,리딩,리딩에머슨자산운용
3F2,리운자산운용,리운,
238,리치먼드자산운용,리치먼드,마이어
3Z7,리치자산운용,리치운용,
4K4,리커버리자산운용,리커버리,
3P3,리코자산운용,리코,
3Q8,린드먼파트너스자산운용,린드먼,
4H5,릴라이언자산운용,릴라이언,
3R4,링크자산운용,링크,
4I5,마르스자산운용,마르스,
3S6,마스턴투자운용,마스턴,
3N6,마운틴자산운용,마운틴,
303,마이다스에셋자산운용,마이다스,
3P1,마이퍼스트에셋자산운용,마이퍼스트에셋,
3S7,마일스톤자산운용,마일스톤,
452,맥쿼리자산운용,맥쿼리,
3M3,머스트자산운용,머스트,
4D3,머큐리자산운용,머큐리,
205,멀티에셋자산운용,멀티에셋,KDB
3K7,메리츠대체투자운용,메리츠대체투자,메리츠부동산자산운용
365,메리츠자산운용,메리츠,메리츠종금
4G5,메자닌플러스자산운용,메자닌플러스,
3W1,메테우스자산운용,메테우스,
3E3,멜론자산운용,멜론,브로스자산운용
3W3,모네타자산운용,모네타,코펜자산운용
4F5,모다자산운용,모다,케이피에이치자산운용
3U9,모루자산운용,모루,
4H9,문채이스자산운용,문채이스,
301,미래에셋자산운용,미래에셋,
3X6,바로자산운용,바로,바로자산운용주식회사
3V2,바른자산운용,바른,
3M7,밸류시스템자산운용,밸류시스템,
3G7,밸류파트너스자산운용,밸류파트너스,
387,베스타스자산운용,베스타스,
302,베어링자산운용,베어링,SEI
3Y6,벨에포크자산운용,벨에포크,
3F8,보고펀드자산운용,보고펀드,
4K8,브라이트자산운용,브라이트,
4F9,브라이튼자산운용,브라이튼,신영투자운용
454,브레인자산운용,브레인,
104,브이아이자산운용,브이아이,하이자산운용
3W5,브이아이피자산운용,브이아이피,
3F3,브이앤에스자산운용,브이앤에스,
3X1,브이엠자산운용,브이엠,브이엠투자자문
4E5,블래쉬자산운용,블래쉬자산,
366,블랙록자산운용,블랙록,
4D7,블루코브자산운용,블루코브,
3Q4,블루텍자산운용,블루텍,
4J8,블리츠자산운용,블리츠,
3U2,비앤아이자산운용,비앤아이,
3Y3,비엔비자산운용,비엔비,
240,비엔케이자산운용,BNK,GS자산운용
3H9,비욘드자산운용,비욘드,유리치자산운용
3N2,비전자산운용,비전,
3Y7,비케이피엘자산운용,비케이피엘운용,발벡케이피엘자산운용
3S9,빌리언폴드자산운용,빌리언폴드,
3N9,삼성액티브자산운용,삼성액티브,
3B0,삼성에스알에이자산운용,삼성SRA,
105,삼성자산운용,삼성,
3N8,삼성헤지자산운용,삼성헤지,
372,삼천리자산운용,삼천리,맥쿼리
4C1,샘자산운용,샘,
4F1,셀레니언자산운용,셀레니언,
3M5,수성자산운용,수성,
230,슈로더투자신탁운용,슈로더,
4K5,스노우볼아이비자산운용,스노우볼아이비,
3T5,스마일게이트자산운용,스마일게이트,
3Y1,스카이워크자산운용,스카이워크,
4A3,스타로드자산운용,스타로드,
3X5,스타퀘스트자산운용,유레카,
3K2,스탠다드자산운용,스탠다드에셋,제이에스자산운용
4E9,스톤브릿지자산운용,스톤브릿지,
3X7,스틱얼터너티브자산운용,스틱얼터너티브,
355,스팍스자산운용,스팍스,코스모자산운용㈜
4D6,스페이스자산운용,스페이스,
4H2,스프랏코리아자산운용,스프랏코리아,
4C6,슬기자산운용,슬기,
4I9,시그니처자산운용,시그니처,
3C0,시몬느자산운용,시몬느,
398,신라자산운용,모놀리스,혜안자산운용
209,신영자산운용,신영,
3T7,신한대체투자운용,신한대체투자,
210,신한자산운용,신한,신한비엔피파리바자산운용
3K3,썬앤트리자산운용,썬앤트리,
374,씨비알이인베스트먼트매니지먼트자산운용,CBRE,아이엔지리얼
3J9,씨스퀘어자산운용,씨스퀘어,
3T9,씨앗자산운용,씨앗,
4G2,씨에이씨자산운용,씨에이씨,
4H1,씨엘자산운용,씨엘,
3L1,씨케이골디락스자산운용,씨케이골디락스,
3P8,아너스자산운용,아너스,
4E7,아든자산운용,아든,
4E6,아라자산운용,아라,
3H1,아람자산운용,아람,
3Q2,아름드리자산운용,아름드리,
3K4,아샘자산운용,아샘,
3V1,아스트라자산운용,아스트라,
3H3,아우름자산운용,아우름,
3M6,아울자산운용,아울,
245,아이디어브릿지자산운용,아이디어브릿지,
3S8,아이리스자산운용,아이리스,
234,아이비케이자산운용,IBK,
3G4,아이앤제이자산운용,아이앤제이,
3M2,아이온자산운용,아이온,
3V9,아이파트너스자산운용,아이파트너스,
4F6,아이피엠자산운용,아이피엠,
3R1,아크임팩트자산운용,아크임팩트,아크자문
3W9,아트만자산운용,아트만,
4B8,아하에셋자산운용,아하에셋,
3C1,안다자산운용,안다,
242,알지자산운용,RG,RG에너지
321,알파자산운용,알파,알파에셋자산운용
3K5,알펜루트자산운용,알펜루트,
4G6,앤도버자산운용,앤도버,
3H5,앱솔루트자산운용,앱솔루트,
370,얼라이언스번스틴자산운용,얼라이언스,
4J2,얼라인파트너스자산운용,얼라인파트너스,
4A4,얼터너티브자산운용,얼터너티브,
3N7,에너지인프라자산운용,에너지인프라,
244,에셋원자산운용,에셋원,파인브릿지
364,에셋플러스자산운용,에셋플러스,
4D8,에스에이치자산운용,에스에이치,구스자산운용
4A1,에스에이피자산운용,에스에이피,
3G2,에스티엔에이치자산운용,에스티엔에이치운용,인피니툼자산운용
3R5,에스피자산운용,에스피,
3D0,에이디에프자산운용,에이디에프,
3V6,에이아이파트너스자산운용,에이아이파트너스,
3B1,에이아이피자산운용,에이아이피,에프지자산운용
3P7,에이알에이코리아자산운용,에이알에이,에스아이케이자산운용
3V5,에이원자산운용,에이원,
226,에이치디씨자산운용,HDC,HDC
3F6,에이치알자산운용,에이치알,
4K2,에이치에이치알자산운용,에이치에이치알,하이픈투자운용
4E3,에이치원자산운용,에이치원,
4A5,에이치자산운용,에이치,
4J7,에이피자산운용,에이피,
4J3,에프엘자산운용,에프엘,
3U4,엑스포넨셜자산운용,엑스포넨셜,
4H6,엔에이치농협리츠운용,엔에이치농협리츠,
232,엔에이치아문디자산운용,NH-아문디,NH-CA/농협CA투신운용
4D5,엔에이치헤지자산운용,엔에이치헤지,
3P6,엘비자산운용,엘비,
4G8,엘에프자산운용,엘에프,
4H7,엘엑스자산운용,엘엑스운용,
4C5,엘엔에스자산운용,엘엔에스,
3E0,엘케이자산운용,LK,
3F7,엠디엠자산운용,엠디엠,한국자산에셋운용
369,엠플러스자산운용,엠플러스,
3H4,오라이언자산운용,오라이언,
4B1,오라자산운용,오라,
4B9,오하자산운용,오하,
3J6,옵투스자산운용,옵투스,
377,옵티머스자산운용,옵티머스,"애스크베리타스, 에이브이"
3T6,옵티멈자산운용,옵티멈,
4H4,와이드크릭자산운용,와이드크릭,
4D1,와이앤피자산운용,와이앤피,
228,우리글로벌자산운용,우리글로벌,에이비엘글로벌자산운용
107,우리자산운용,우리,동양자산운용
3L7,우리프라이빗에퀴티자산운용,우리프라이빗에퀴티,
4C7,원자산운용,원,
4H3,웰브릿지자산운용,웰브릿지운용,
3E6,웰스자산운용,웰스,
3V4,위너스자산운용,위너스,
389,위플러스자산운용,위플러스,"첼시, 한주"
305,유경피에스지자산운용,유경PSG,
3T4,유나이티드파트너스자산운용,유나이티드,
4H8,유니스토리자산운용,유니스토리,
307,유리자산운용,유리,
214,유진자산운용,유진,서울자산운용
3T2,이든자산운용,이든,
229,이스트스프링자산운용,이스트스프링,
4J6,이아이피자산운용,이아이피,
4G7,이지스네오밸류자산운용,네오밸류파트너,
3Z1,이지스리얼에셋투자운용,이지스리얼에셋,
383,이지스자산운용,이지스,피에스
4A8,이케이자산운용,이케이,나섬자산운용
4E1,이현자산운용,이현,
382,이화자산운용,이화,노무라이화자산운용
3F9,인마크자산운용,인마크,
3L3,인벡스자산운용,인벡스,
4K6,인사이트자산운용,인사이트,
3T8,인트러스투자운용,인트러스,
3V8,자비스자산운용,자비스,
4B5,자산운용현,현,
4J1,제이더블유자산운용,제이더블유,
241,제이비자산운용,제이비,더커
3H7,제이씨에셋자산운용,제이씨에셋,
3S5,제이알투자운용,제이알,
3H6,제이앤제이자산운용,제이앤제이,
4C3,제이에이치자산운용,제이에이치,JH자산운용
4B6,제이엠씨자산운용,제이엠씨,
385,제이피에셋자산운용,제이피,
4A2,조인에셋글로벌자산운용,조인에셋글로벌,
4F3,지니자산운용,지니,
4G4,지베스코자산운용,지베스코,
3Q7,지브이에이자산운용,지브이에이,
3Z4,지안자산운용,지안,
3R9,지알이파트너스자산운용,지알이파트너스,
386,지지자산운용,지지,
3U7,지큐자산운용,지큐,
4D9,차파트너스자산운용,차파트너스,
4K1,카이로스자산운용,카이로스,
233,칸서스자산운용,칸서스,
3Y2,칼론인베스트먼트자산운용,칼론,
376,캐피탈랜드투자운용,캐피탈랜드,아쎈다스자산운용
384,캡스톤자산운용,캡스톤,
4I8,케이글로벌자산운용,케이글로벌,
451,케이디비인프라자산운용,KDB인프라,
3Z9,케이리츠투자운용,케이리츠,
223,케이비자산운용,KB,
3R7,케이에스자산운용,케이에스,아레스자산운용
3Z2,케이와이자산운용,케이와이,
4D2,케이지티자산운용,케이지티,광개토자산운용
3K8,케이클라비스자산운용,케이클라비스,
306,케이티비자산운용,다올,케이티비자산운용
4C8,케이핀자산운용,케이핀,
3X2,케펠자산운용,케펠,
4G1,케플러자산운용,케플러,
3P4,켄달스퀘어자산운용,켄달스퀘어,
3T3,코너스톤자산운용,코너스톤,
381,코람코자산운용,코람코,
310,코레이트자산운용,코레이트,마이애셋
3W7,코어자산운용,코어,
3C5,쿼드자산운용,쿼드,쿼드투자자문
3L8,쿼터백자산운용,쿼터백,
4E2,퀀트인자산운용,퀀트인,
4C2,퀸즈가드자산운용,퀸즈가드,
4I3,크라운락자산운용,크라운락,
4F7,크레스트아시아자산운용,크레스트아시아,
206,키움투자자산운용,키움투자,우리자산운용
3U5,키웨스트글로벌자산운용,키웨스트,
3W2,킹슬리자산운용,킹슬리,
3Y5,타이거대체투자운용,타이거대체투자,
3F1,타이거자산운용투자일임,타이거,타이거자산운용투자자문
3J1,타임폴리오자산운용,타임폴리오,
4I1,테라몬스자산운용,테라몬스,
453,템플턴하나자산운용,템플턴하나,다비하나인프라펀드자산운용
3N1,토터스자산운용,토터스,
4J9,토포앤코코리아자산운용,토포앤코코리아,
3R8,트라움자산운용,트라움,라움자산운용
363,트러스톤자산운용,트러스톤,
4B3,트레스자산운용,트레스,
3K1,트리니티자산운용,트리니티,
4F4,티아이자산운용,티아이,
4B7,티앤씨자산운용,티앤씨,
3V7,티에스대성자산운용,티에스,지마이티자산운용
3R2,티엘자산운용,티엘,
3M9,파레토자산운용,파레토,
4B4,파로스자산운용,파로스,
371,파빌리온자산운용,파빌리온,아시아자산운용
4B2,파운트자산운용,파운트,
3Z5,파이브트리자산운용,파이브트리,
212,파인만자산운용,파인만,맥쿼리투신운용
3E4,파인밸류자산운용,파인밸류,
3E7,파인스트리트자산운용,파인스트리트,
308,파인아시아자산운용,파인아시아,피닉스자산운용
4F2,파인앤파트너스자산운용,파인앤파트너스,
380,파인트리자산운용,파인트리,
3Y8,퍼시픽브릿지자산운용,퍼시픽브릿지,퍼시픽브릿지자산운용 주식회사
3M4,퍼시픽자산운용,퍼시픽,
3G8,페블스톤자산운용,페블스톤,
4A9,페블즈자산운용,페블즈,
3F4,페트라자산운용,페트라,
4K3,포도자산운용,포도,
3F5,포커스자산운용,포커스,
3U8,포트코리아자산운용,포트코리아,
3H2,푸른파트너스자산운용,푸른파트너스,
3U6,품에자산운용,품에,그린자산운용
3Q5,프라임자산운용,수림,
3W8,프라핏자산운용,프라핏,
217,프랭클린템플턴투자신탁운용,프랭클린,
3L6,플랫폼파트너스자산운용,플랫폼파트너스,
311,플러스자산운용,플러스,
3E9,피데스자산운용,피데스,
3N4,피델리스자산운용,피델리스,
235,피델리티자산운용,피델리티,
4J5,피보나치자산운용,피보나치,
3R3,피아이에이자산운용,피아이에이,
3X4,피아이엠자산운용,피아이엠,
3Z8,피타자산운용,피타,
3T1,피티알자산운용,피티알,
345,하나대체투자자산운용,하나대체투자,"하나다올자산운용,하나대체투자산운용"
102,하나유비에스자산운용,하나UBS,대한투신운용
243,하우자산운용,하우,현대스위스
368,하이자산운용,하이,DGB
3X3,하이즈에셋자산운용,하이즈에셋,
3G9,한강에셋자산운용,한강에셋,
3E5,한국교통자산운용,한국교통,
3N5,한국대성자산운용,한국대성,
3E8,한국대안투자자산운용,한국대안투자,
3Z6,한국대체투자자산운용,한국대체투자,한국대체투자자산운용 주식회사
3J4,한국성장금융투자운용,한국성장금융,
4J4,한국채권투자운용,한국채권,
236,한국투자밸류자산운용,한국밸류,
101,한국투자신탁운용,한국,
4I2,한스프라임자산운용,한스프라임,
3L9,한앤파트너스자산운용,한앤파트너스,이퀄
3P2,한일퍼스트자산운용,한일퍼스트,
213,한화자산운용,한화,
3Y9,헤리티지자산운용,헤리티지운용,
3Q9,헤이스팅스자산운용,헤이스팅스,
3Q3,현강자산운용,현강,도시온자산운용
239,현대인베스트먼트자산운용,현대인베스트,
373,현대자산운용,현대,
3X9,화인자산운용,화인,주식회사 화인자산운용
4C9,황소자산운용,황소,
3L5,휴먼자산운용,휴먼,
224,흥국자산운용,흥국,
자문사 코드,자문사명,단축명1,변경전 자문사명
D58,(주) 두물머리투자자문,두물머리자문,
D83,(주)메타투자자문,메타자문,이상투자자문(주)
AY1,(주)오르카투자자문,오르카자문,
DB7,GB투자자문(주),GB자문,
DF4,㈜엠에스제이투자일임,엠에스제이자문,
D45,㈜파이어스톤투자자문,파이어스톤자문,
D46,㈜패밀리오피스투자자문,패밀리오피스자문,
A01,가치투자자문,가치자문,
D20,골든트리 투자자문,골든트리자문,
DA1,교우투자자문(주),교우자문,
D21,구도투자자문주식회사,구도자문,
AJ2,굿모닝투자자문 주식회사,굿모닝자문,굿모닝투자자문(주)
D10,글로벌투자자문 주식회사,글로벌자문,
DD2,글루온채권투자일임,글루온채권일임,
AU3,금진투자자문,금진자문,
D72,나이스투자자문,나이스자문,
DA5,노아투자일임,노아투자일임,노아파트너스
AS8,다산투자자문,다산자문,
DF8,다안투자일임,다안자문,
D75,대영투자자문(주),대영자문,
DF0,대운투자일임주식회사,대운자문,
D01,더블유 투자자문,더블유자문,
DB2,더한 투자자문,더한자문,
A02,더함투자자문,더함자문,
D84,데이노투자자문(주),데이노자문,
AV7,두나무투자일임,두나무자문,
D66,두리인베스트먼트,두리자문,
D47,두인투자자문,두인자문,
AG9,디멘젼투자자문(주),디멘젼자문,
DH0,디앤에스투자일임(주),디앤에스자문,
D34,디앤에이치투자일임,디앤에이치일임,㈜디앤에이치투자자문
D85,라온투자일임(주),라온자문,
AM3,러셀인베스트먼트투자자문,러셀자문,
DE8,레그넘투자자문주식회사,레그넘자문,
A90,레오투자자문,레오자문,
AF7,레이크투자자문㈜,레이크자문,
D67,로제타투자자문,로제타자문,
AO4,롱텀투자자문,롱텀자문,
D76,르네상스파트너스㈜,르네상스자문,
AA9,리드스톤투자자문㈜,리드스톤자문,
D22,리암그룹,리암자문,
D68,리앤파트너스 투자자문,리앤파트너스자문,
347,마스터투자자문(주),마스터자문,
D95,마이스터투자자문(주),마이스터자문,
DF3,메디치투자일임 주식회사,메디치자문,
AO1,메타포투자일임,메타포자문,에이치비투자자문
DG7,무이스인베스트,무이스자문,
AU5,문투자자문,문자문,
DG2,미들턴에셋,미들턴자문,
DB1,미시간투자자문,미시간자문,
343,바로투자자문,바로자문,바로투자자문
AP2,바른투자자문,바른자문,
D69,발보아투자자문,발보아자문,
DD0,밸류어블파트너스,밸류어블자문,
D23,브라만투자자문 주식회사,브라만자문,
D73,브이원프라이빗에쿼티,브이원자문,브이원투자자문
AP5,블랙넘버스투자자문,블랙넘버스자문,
AX6,비엔에스 투자자문,비엔에스자문,
A13,새턴인베스트먼트,새턴자문,
DF9,샤인투자일임 주식회사,샤인자문,
A46,서울에셋투자자문,서울에셋자문,
D77,서클투자자문,서클자문,
A12,세움투자자문 주식회사,세움자문,
DG9,소나무투자일임(주),소나무자문,
AU6,스노우볼투자자문,스노우볼자문,
352,스카이투자자문,스카이자문,
AM7,스퀘어투자자문,스퀘어자문,
DG1,시그마투자일임㈜,시그마자문,
AA7,시너지투자자문,시너지자문,
A77,시선투자자문,시선자문,
D96,신한에이아이(주),신한에이아이,
AN4,써드스톤투자자문,써드스톤자문,
A83,아너스티투자자문 주식회사,아너스티자문,아너스티투자자문
D24,아르카투자자문㈜,아르카자문,크래프트투자자문 주식회사
AZ6,아름투자자문,아름자문,
D62,아스투자자문(주),아스자문,에스비투자자문
D39,아씨오투자자문,아씨오자문,
DG3,아이원투자일임,아이원자문,
AW7,아이포스투자자문,아이포스자문,
AJ8,아크로스인베스트먼트,아크로스자문,유나이티드투자자문
DB0,알지엠투자일임,알지엠일임,
AQ2,에린데일투자자문,에린데일자문,
AW8,에버그린투자자문주식회사,에버그린자문,
D26,에스아이투자자문,에스아이자문,
D65,에스앤디투자자문,에스앤디자문,
DF7,에스엠케이투자일임 주식회사,에스엠케이자문,
AS9,에스지투자자문,에스지자문,
AO9,에이서투자자문,에이서자문,
D33,에이알투자자문,에이알자문,프라우드투자자문
AL8,에이에프투자자문,에이에프자문,
AH5,에이치디투자자문,에이치디자문,
D74,에이치엔인베스트,에이치엔자문,
D87,에이콘투자자문,에이콘자문,
D78,엠씨투자자문(주),엠씨자문,
AT7,엠제이투자자문,엠제이자문,
AW9,예일투자자문,예일자문,예일파트너스
AQ6,오리엔트투자자문,오리엔트자문,
D88,오킴스인베스트먼트(주),오킴스자문,
AZ7,웨스트포트 인베스트먼트 주식회사,웨스트포트자문,
DB8,웰스가이드,웰스가이드,
AQ7,웰스투자자문,웰스자문,
DA7,위드보에셋(주),위드보에셋,
AY6,윈투자자문,윈자문,
A16,유니베스트투자자문,유니베스트자문,스틱자문
DA2,이랜드투자일임,이랜드자문,
D42,이루다투자일임(주),이루다자문,주식회사 아이로보투자자문
AF1,이룸투자자문(주),이룸자문,
D79,이언투자자문,이언자문,
DG0,이엔엘투자일임 주식회사,이엔엘자문,
DG4,이오파트너스,이오자문,
AZ9,이지투자자문,이지자문,
D70,이큐투자자문,이큐자문,
D38,인모스트투자자문 주식회사,인모스트자문,쉐마투자자문 주식회사
DA8,인사이트온,인사이트온,
A23,인피니티투자자문,인피니티자문,
D80,정동투자자문,정동자문,
AS5,제브라투자자문,제브라자문,
D81,제우스투자자문,제우스자문,
DD1,제이스투자자문,제이스자문,
AT2,제이에이치투자자문,제이에이치자문,
D86,제이유투자자문,제이유자문,미래서밋투자자문
D50,제이피모간투자자문코리아,제이피모간자문,
DF2,주식회사 넥스테라투자일임,넥스테라자문,
DF1,주식회사 니오파트너즈,니오파트너즈자문,
D11,주식회사 더드림투자자문,더드림자문,
AZ8,주식회사 더블유알,더블유알자문,
D12,주식회사 동성투자자문,동성자문,
D51,주식회사 씨케이인베스트먼트,씨케이인베스트먼트,
D08,주식회사 에임,에임자문,
D27,주식회사 엠오씨투자자문,엠오씨자문,
AY8,주식회사 윈베스트투자자문,윈베스트자문,
DF5,주식회사 인테그랄투자일임,인테그랄자문,
DG5,주식회사 주엘파트너스,주엘파트너스자문,
D52,주식회사 한국더블유엠 투자자문,한국더블유엠자문,
AJ4,참투자자문(주),참자문,
AQ9,창조투자자문,창조자문,
D14,청개구리투자자문,청개구리자문,주식회사 코스넷투자자문
B01,카라투자자문(주),카라자문,
AR0,카이투자자문,카이자문,
AT8,캐슬링인베스트먼트투자자문,캐슬링자문,
D16,캣츠투자자문,캣츠자문,
AM8,케미칼에너지투자자문,케미칼에너지자문,
DE9,케이에스엘 파트너스 주식회사케이에스엘 파트너스 주식회사,케이에스엘자문,
A62,케이원투자자문,케이원자문,
AR2,케이피아이투자자문,케이피아이자문,
D60,코어밸류인베스트먼트,코어밸류자문,
D19,콴텍투자일임,콴텍일임,㈜코어트렌드인베스트먼트
D97,콴텍투자자문,콴텍자문,
A67,퀀트와이즈투자자문,퀀트와이즈자문,
D98,타이거앤리 투자자문(주),타이거앤리자문,
AN8,타임앤스프레드투자자문,타임앤스프레드자문,
D89,타키온투자자문,타키온자문,
AS6,텍톤투자자문,텍톤자문,
A30,템피스투자자문,템피스자문,
A31,토러스투자자문,토러스자문,
351,토마토투자자문,토마토자문,
DG6,토브에메트㈜,토브에메트자문,
D55,투게더윈투자자문주식회사,투게더윈자문,
AS7,투핸즈투자자문,투핸즈자문,
DA9,트라이앵글 투자일임,트라이앵글일임,
D30,트로이투자자문,트로이자문,
AR4,티알에스투자자문,티알에스자문,
D90,티엑스인베스트(주),티엑스자문,
AM9,파베르투자자문(주),파베르자문,
D05,파운트 투자자문,파운트자문,
D63,파이브투자자문,파이브자문,
AI3,파인투자자문,파인자문,
AV3,퍼시픽투자자문,퍼시픽자문,
D92,페이스브릿지,페이스브릿지자문,
D17,포라인투자자문 주식회사,포라인자문,
D99,포르투나투자일임(주),포르투나자문,
AZ2,포인트투자자문 주식회사,포인트자문,
DA3,포컴에셋,포컴에셋자문,
DG8,프랭클린템플턴투자자문㈜,프랭클린템플턴자문,
D71,프레스토투자자문,프레스토자문,
D28,플레인바닐라투자자문,플레인바닐라자문,주식회사 플레인바닐라
DF6,하이브인베스트주식회사,하이브자문,
D61,하인즈코리아투자자문,하인즈자문,
AZ3,한국연금투자자문(주),한국연금자문,
D44,한빛트러스트 주식회사,한빛자문,
D06,허브인베스트매니지먼트 주식회사,허브자문,허브인베스트먼트매니지먼트 주식회사
D82,혁신투자자문(주),혁신자문,
AV6,히스토리투자자문,히스토리자문,
240,비엔케이자산운용,BNK,BNK자산운용
223,케이비자산운용,KB,KB자산운용
