cohort,ISU_CD,KRX종목명,result,asoStdCd,포털펀드명,name_candidate_count,linked_krx_count,review_reasons,핵심표지_충돌,공식근거_URL,검토결과
10월 재대조,114470,KIWOOM 국고채3년,확정(사람 확인),KR5206150033,키움 KIWOOM 국고채상장지수증권투자신탁[채권],,1,,,https://www.kiwoometf.com/service/etf/KO02010200M?gcode=114470,운용사 상품 페이지에서 코드·정식명 확인
10월 재대조,131890,ACE 삼성그룹동일가중,확정(사람 확인),KR5101299273,한국투자 ACE 삼성그룹주 동일가중 증권 상장지수투자신탁(주식),,1,,,,핵심표지 충돌 없음; 상품코드 확인 전
10월 재대조,455660,ACE 미국하이일드액티브(H),자동 1:1,K55101E13018,한국투자 ACE 미국하이일드액티브증권상장지수투자신탁[채권-재간접형](H),,1,,,,핵심표지 충돌 없음; 상품코드 확인 전
10월 재대조,460270,KIWOOM 미국달러SOFR금리액티브(합성),자동 1:1,K55206E24574,키움 KIWOOM 미국달러SOFR금리액티브특별자산상장지수투자신탁[금리-파생형](합성),,1,,,,핵심표지 충돌 없음; 상품코드 확인 전
10월 재대조,108450,ACE 삼성그룹섹터가중,확정(사람 확인),KR5101897761,한국투자 ACE 삼성그룹주SW 증권 상장지수투자신탁(주식),,1,,,,핵심표지 충돌 없음; 상품코드 확인 전
10월 재대조,219390,RISE 미국S&P원유생산기업(합성 H),자동 1:1,K55223B28170,KB RISE 미국S&P원유생산기업 증권 상장지수 투자신탁(주식-파생형)(합성H),,1,,,,핵심표지 충돌 없음; 상품코드 확인 전
10월 재대조,250730,RISE 차이나HSCEI(H),자동 1:1,K55223BF0979,KB RISE 차이나HSCEI 증권 상장지수 투자신탁(주식)(H),,1,,,,핵심표지 충돌 없음; 상품코드 확인 전
10월 재대조,310970,TIGER MSCI Korea TR,자동 1:1,K55301CG5815,미래에셋TIGERMSCIKOREATotalReturn증권상장지수투자신탁(주식),,1,,,,핵심표지 충돌 없음; 상품코드 확인 전
10월 재대조,280940,KODEX 골드선물인버스(H),자동 1:1,K55105BY2041,삼성KODEX골드선물인버스특별자산상장지수투자신탁[금-파생형](H),,1,,,,핵심표지 충돌 없음; 상품코드 확인 전
10월 재대조,414780,TIGER 차이나과창판STAR50(합성),자동 1:1,K55301DG2696,미래에셋 TIGER 차이나과창판STAR50증권상장지수투자신탁(주식-파생형)(합성),,1,,,,핵심표지 충돌 없음; 상품코드 확인 전
10월 재대조,0091C0,KODEX 미국10년국채액티브(H),자동 1:1,K55105EM2711,삼성 KODEX 미국10년국채액티브증권상장지수투자신탁[채권-재간접형](H),,1,,,,핵심표지 충돌 없음; 상품코드 확인 전
10월 재대조,0084D0,KIWOOM 미국테크100월간목표헤지액티브,확정(사람 확인),K55206EJ7242,키움KIWOOM US테크100월간목표헤지액티브증권상장지수투자신탁[혼합-파생재간접형],,1,,,,핵심표지 충돌 없음; 상품코드 확인 전
10월 재대조,315930,KODEX Top5PlusTR,자동 1:1,K55105CG9781,삼성KODEX Top5Plus Total Return증권상장지수투자신탁[주식],,1,,,,핵심표지 충돌 없음; 상품코드 확인 전
10월 재대조,480030,ACE 미국500데일리타겟커버드콜(합성),자동 1:1,K55101E97755,한국투자 ACE 미국500데일리타겟커버드콜 증권 상장지수투자신탁(주식-파생형)(합성),,1,,,,핵심표지 충돌 없음; 상품코드 확인 전
10월 재대조,237440,TIGER 경기방어채권혼합,확정(사람 확인),K55301BA0110,미래에셋TIGER경기방어혼합증권상장지수투자신탁(채권혼합),,1,,,,핵심표지 충돌 없음; 상품코드 확인 전
10월 재대조,226380,ACE Fn성장소비주도주,확정(사람 확인),K55101B54539,한국투자 ACE 성장소비주도주증권상장지수투자신탁(주식),,1,,,,핵심표지 충돌 없음; 상품코드 확인 전
10월 재대조,491220,PLUS 200TR,자동 1:1,K55213EE1753,한화 PLUS 200 Total Return증권상장지수투자신탁(주식),,1,,,,핵심표지 충돌 없음; 상품코드 확인 전
10월 재대조,472830,RISE 미국30년국채커버드콜(합성),자동 1:1,K55223E76066,KB RISE 미국30년국채커버드콜 증권 상장지수 투자신탁(채권-파생형)(합성),,1,,,,핵심표지 충돌 없음; 상품코드 확인 전
10월 재대조,476550,TIGER 미국30년국채커버드콜액티브(H),자동 1:1,K55301E88107,미래에셋TIGER미국30년국채커버드콜액티브증권상장지수투자신탁(채권-재간접형)(H),,1,,,,핵심표지 충돌 없음; 상품코드 확인 전
10월 재대조,419430,KODEX 차이나2차전지MSCI(합성),자동 1:1,K55105DQ0258,삼성KODEX 차이나2차전지MSCI증권상장지수투자신탁[주식-파생형](합성),,1,,,,핵심표지 충돌 없음; 상품코드 확인 전
9월 이름 규칙,295020,RISE 국채선물10년인버스,일치,K55223C82720,KB RISE 국채선물10년 인버스 증권 상장지수 투자신탁(채권-파생형),1,1,,,,핵심표지 충돌 없음; 상품코드 확인 전
9월 이름 규칙,0191B0,MIDAS 코스닥액티브,일치,K55303EV2413,마이다스 MIDAS 코스닥액티브 증권 상장지수투자신탁(주식),1,1,,,,핵심표지 충돌 없음; 상품코드 확인 전
9월 이름 규칙,0193G0,KoAct 코스피액티브,일치,K553N9EU7141,삼성액티브 KoAct 코스피액티브증권상장지수투자신탁[주식],1,1,,,,핵심표지 충돌 없음; 상품코드 확인 전
9월 이름 규칙,461580,TIGER 코스닥글로벌,일치,K55301E34366,미래에셋 TIGER 코스닥글로벌증권상장지수투자신탁(주식),1,1,,,,핵심표지 충돌 없음; 상품코드 확인 전
9월 이름 규칙,463640,KODEX 미국S&P500유틸리티,일치,K55105E38388,삼성 KODEX 미국S&P500유틸리티증권상장지수투자신탁[주식],1,1,,,,핵심표지 충돌 없음; 상품코드 확인 전
9월 이름 규칙,226980,KODEX 200 중소형,일치,K55105B66492,삼성KODEX200중소형증권상장지수투자신탁[주식],1,1,,,,핵심표지 충돌 없음; 상품코드 확인 전
9월 이름 규칙,441800,TIME Korea플러스배당액티브,일치,K553J1DW4846,타임폴리오 TIME Korea플러스배당액티브증권상장지수투자신탁[주식],1,1,,,,핵심표지 충돌 없음; 상품코드 확인 전
9월 이름 규칙,261250,KODEX 미국달러선물레버리지,일치,K55105BJ8591,삼성KODEX미국달러선물레버리지특별자산상장지수투자신탁[미국달러-파생형],1,1,,,,핵심표지 충돌 없음; 상품코드 확인 전
9월 이름 규칙,466810,BNK 2차전지양극재,일치,K55240E62094,BNK BNK2차전지양극재증권상장지수투자신탁(주식),1,1,,,,핵심표지 충돌 없음; 상품코드 확인 전
9월 이름 규칙,0226D0,FOCUS 금융반도체지주채권혼합50액티브,일치,K55104EX3725,브이아이 FOCUS 금융반도체지주채권혼합50액티브증권상장지수투자신탁[채권혼합],1,1,,,,핵심표지 충돌 없음; 상품코드 확인 전
9월 이름 규칙,0007N0,아이엠에셋 200,일치,K55368EH4351,iM에셋 아이엠에셋 200 증권 상장지수투자신탁(주식),1,1,,,,핵심표지 충돌 없음; 상품코드 확인 전
9월 이름 규칙,460660,RISE 미국S&P배당킹,일치,K55223E34644,KB RISE 미국S&P배당킹 증권 상장지수 투자신탁(주식),1,1,,,,핵심표지 충돌 없음; 상품코드 확인 전
9월 이름 규칙,0153K0,KODEX 주주환원고배당주,일치,K55105EQ8490,삼성 KODEX 주주환원고배당주증권상장지수투자신탁[주식],1,1,,,,핵심표지 충돌 없음; 상품코드 확인 전
9월 이름 규칙,0194N0,KIWOOM 삼성전자선물단일종목레버리지,일치,K55206EV7907,키움 KIWOOM 삼성전자선물단일종목레버리지증권상장지수투자신탁[주식-파생형],1,1,,,,핵심표지 충돌 없음; 상품코드 확인 전
9월 이름 규칙,316300,ACE 싱가포르리츠,일치,K55101CG5254,한국투자 ACE 싱가포르리츠부동산상장지수투자신탁(재간접형),1,1,,,,핵심표지 충돌 없음; 상품코드 확인 전
9월 이름 규칙,414270,ACE 글로벌자율주행액티브,일치,K55101DP1319,한국투자 ACE 글로벌자율주행액티브 증권상장지수투자신탁(주식),1,1,,,,핵심표지 충돌 없음; 상품코드 확인 전
9월 이름 규칙,498610,RISE 인도디지털성장,일치,K55223EF1479,KB RISE 인도디지털성장증권상장지수투자신탁(주식-파생형),1,1,,,,핵심표지 충돌 없음; 상품코드 확인 전
9월 이름 규칙,122630,KODEX 레버리지,일치,KR5105191153,삼성KODEX레버리지증권상장지수투자신탁[주식-파생형],1,1,,,,핵심표지 충돌 없음; 상품코드 확인 전
9월 이름 규칙,495750,HANARO 코리아밸류업,일치,K55232EF9588,NH-Amundi HANARO 코리아밸류업 증권상장지수투자신탁[주식],1,1,,,,핵심표지 충돌 없음; 상품코드 확인 전
9월 이름 규칙,404260,KODEX 기후변화솔루션,일치,K55105DN4469,삼성 KODEX 기후변화솔루션증권상장지수투자신탁[주식],1,1,,,,핵심표지 충돌 없음; 상품코드 확인 전
