ISU_CD,KRX종목명,srtnCd,포털펀드명,asoStdCd,확인 근거
226380,ACE Fn성장소비주도주,B5453,한국투자 ACE 성장소비주도주증권상장지수투자신탁(주식),K55101B54539,이름 유사도 후보를 PM이 확인
456880,ACE 미국달러SOFR금리(합성),E1969,한국투자 ACE 미국SOFR금리특별자산상장지수투자신탁[금리-파생형](합성),K55101E19692,이름 유사도 후보를 PM이 확인
131890,ACE 삼성그룹동일가중,29927,한국투자 ACE 삼성그룹주 동일가중 증권 상장지수투자신탁(주식),KR5101299273,이름 유사도 후보를 PM이 확인
435530,KIWOOM TDF2030액티브 적격,DU252,키움 KIWOOM 적격TDF2030액티브증권상장지수투자신탁[주식혼합-재간접형],K55206DU2520,이름 유사도 후보를 PM이 확인
435540,KIWOOM TDF2040액티브 적격,DU253,키움 KIWOOM 적격TDF2040액티브증권상장지수투자신탁[주식혼합-재간접형],K55206DU2538,이름 유사도 후보를 PM이 확인
435550,KIWOOM TDF2050액티브 적격,DU254,키움 KIWOOM 적격TDF2050액티브증권상장지수투자신탁[주식혼합-재간접형],K55206DU2546,이름 유사도 후보를 PM이 확인
0127V0,KIWOOM 미국S&P500 TOP10&배당다우비중전환,EN635,키움 KIWOOM 미국S&P500 TOP10&배당다우존스비중전환증권상장지수투자신탁[주식],K55206EN6354,이름 유사도 후보를 PM이 확인
0084D0,KIWOOM 미국테크100월간목표헤지액티브,EJ724,키움KIWOOM US테크100월간목표헤지액티브증권상장지수투자신탁[혼합-파생재간접형],K55206EJ7242,이름 유사도 후보를 PM이 확인
433970,KODEX TDF2030액티브 적격,DT535,삼성 KODEX 적격 TDF2030액티브증권상장지수투자신탁[채권혼합-재간접형],K55105DT5353,이름 유사도 후보를 PM이 확인
433980,KODEX TDF2040액티브 적격,DT536,삼성 KODEX 적격 TDF2040액티브증권상장지수투자신탁[주식혼합-재간접형],K55105DT5361,이름 유사도 후보를 PM이 확인
434060,KODEX TDF2050액티브 적격,DT537,삼성 KODEX 적격 TDF2050액티브증권상장지수투자신탁[주식혼합-재간접형],K55105DT5379,이름 유사도 후보를 PM이 확인
0082V0,KODEX TDF2060액티브 적격,EI447,삼성 KODEX 적격 TDF2060액티브증권상장지수투자신탁[주식혼합-재간접형],K55105EI4473,이름 유사도 후보를 PM이 확인
441640,KODEX 미국배당커버드콜액티브,DW274,삼성 KODEX 미국배당커버드콜S&P액티브증권상장지수투자신탁[주식-파생형],K55105DW2744,이름 유사도 후보를 PM이 확인 (#4는 포털에 같은 이름 ETF 1건뿐임을 확인)
0231Z0,KODEX 코리아TDF2065액티브 적격,EY114,삼성KODEX 코리아 적격TDF 2065 액티브증권상장지수투자신탁[주식혼합-재간접형],K55105EY1149,이름 유사도 후보를 PM이 확인
251340,KODEX 코스닥150선물인버스,BF425,삼성KODEX코스닥150인버스증권상장지수투자신탁[주식-파생형],K55105BF4255,이름 유사도 후보를 PM이 확인
433880,PLUS TDF2060액티브 적격,DU605,한화 PLUS 적격TDF2060액티브증권상장지수투자신탁(주식혼합-재간접형),K55213DU6050,이름 유사도 후보를 PM이 확인
442550,RISE TDF2030액티브 적격,DX523,KB RISE 적격TDF2030액티브 증권 상장지수 투자신탁(주식혼합-재간접형),K55223DX5230,이름 유사도 후보를 PM이 확인
442560,RISE TDF2040액티브 적격,DX524,KB RISE 적격TDF2040액티브 증권 상장지수 투자신탁(주식혼합-재간접형),K55223DX5248,이름 유사도 후보를 PM이 확인
442570,RISE TDF2050액티브 적격,DX525,KB RISE 적격TDF2050액티브 증권 상장지수 투자신탁(주식혼합-재간접형),K55223DX5255,이름 유사도 후보를 PM이 확인
451670,RISE 국채30년레버리지(합성),E0062,KB RISE 국채30년레버리지KAP 증권 상장지수 투자신탁(채권-파생형)(합성),K55223E00629,이름 유사도 후보를 PM이 확인
367770,RISE 수소경제테마,DB489,KB RISE Fn수소경제테마 증권 상장지수 투자신탁(주식),K55223DB4890,이름 유사도 후보를 PM이 확인
494210,SOL 미국500타겟데일리커버드콜액티브,EC963,신한SOL미국500타켓데일리커버드콜액티브증권상장지수투자신탁[주식-파생형],K55210EC9637,이름 유사도 후보를 PM이 확인
0139F0,TIGER 12월자동연장금융채(AA-이상)액티브,EP663,미래에셋TIGER12월만기자동연장금융채(AA-이상)액티브증권상장지수투자신탁(채권),K55301EP6638,이름 유사도 후보를 PM이 확인
138530,TIGER LG그룹플러스,A0402,미래에셋 TIGER LG그룹+ 증권상장지수투자신탁(주식),KR5225A04026,이름 유사도 후보를 PM이 확인
248270,TIGER S&P글로벌헬스케어(합성),BE698,미래에셋TIGER글로벌헬스케어증권상장지수투자신탁(주식-파생형)(합성),K55301BE6980,이름 유사도 후보를 PM이 확인
0025N0,TIGER TDF2045 적격,EH735,미래에셋TIGER적격TDF2045증권상장지수투자신탁(주식혼합),K55301EH7354,이름 유사도 후보를 PM이 확인
237440,TIGER 경기방어채권혼합,BA011,미래에셋TIGER경기방어혼합증권상장지수투자신탁(채권혼합),K55301BA0110,이름 유사도 후보를 PM이 확인
114820,TIGER 국채3년,15106,미래에셋TIGER 국채3 증권 상장지수투자신탁(채권),KR5225151061,이름 유사도 후보를 PM이 확인
182490,TIGER 단기선진하이일드(합성 H),AK467,미래에셋TIGER단기선진국하이일드증권상장지수투자신탁(채권-파생형)(합성 H),KR5301AK4675,이름 유사도 후보를 PM이 확인
225040,TIGER 미국S&P500레버리지(합성 H),B5268,미래에셋TIGERS&P500레버리지증권상장지수투자신탁(주식혼합-파생형)(합성 H),K55301B52687,이름 유사도 후보를 PM이 확인
203780,TIGER 미국나스닥바이오,AT794,미래에셋TIGER나스닥바이오 증권상장지수투자신탁(주식),KR5301AT7943,이름 유사도 후보를 PM이 확인
423920,TIGER 미국필라델피아반도체레버리지(합성),DS314,미래에셋TIGER필라델피아반도체레버리지증권상장지수투자신탁(주식혼합-파생형)(합성),K55301DS3146,이름 유사도 후보를 PM이 확인
225050,TIGER 유로스탁스레버리지(합성 H),B5269,미래에셋TIGER유로스탁스50레버리지증권상장지수투자신탁(주식혼합-파생형)(합성 H),K55301B52695,이름 유사도 후보를 PM이 확인
250780,TIGER 코스닥150선물인버스,BF117,미래에셋TIGER코스닥150인버스증권상장지수투자신탁(주식-파생형),K55301BF1170,이름 유사도 후보를 PM이 확인
138540,TIGER 현대차그룹플러스,A0403,미래에셋 TIGER  현대차그룹+ 증권상장지수투자신탁(주식),KR5225A04034,이름 유사도 후보를 PM이 확인
152870,파워 200,A8241,교보악사파워K200증권상장지수투자신탁(주식),KR5207A82418,이름 유사도 후보를 PM이 확인
291890,KODEX MSCI EM선물(H),C5208,삼성KODEX SGX  MSCI EM선물증권상장지수투자신탁[주식-파생형](H),K55105C52086,같은 브랜드에서 지수 회사 이름만 추가된 이름을 PM이 확인
321410,KODEX 멀티에셋하이인컴(H),CK070,삼성KODEX 모닝스타멀티에셋하이인컴증권상장지수투자신탁 [채권혼합-파생재간접형](H),K55105CK0701,같은 브랜드에서 지수 회사 이름만 추가된 이름을 PM이 확인
465350,RISE 2차전지TOP10인버스(합성),E5715,KB RISE 2차전지TOP10인버스iSelect 증권 상장지수 투자신탁(주식-파생형)(합성),K55223E57157,같은 브랜드에서 지수 회사 이름만 추가된 이름을 PM이 확인
401170,RISE 메타버스,DN501,KB RISE iSelect메타버스 증권 상장지수 투자신탁(주식),K55223DN5018,같은 브랜드에서 지수 회사 이름만 추가된 이름을 PM이 확인
275980,TIGER 글로벌4차산업혁신기술(합성 H),BS281,미래에셋TIGER모닝스타글로벌4차산업혁신기술증권상장지수투자신탁(주식-파생형)(합성 H),K55301BS2819,같은 브랜드에서 지수 회사 이름만 추가된 이름을 PM이 확인
276000,TIGER 글로벌자원생산기업(합성 H),BS282,미래에셋TIGER모닝스타글로벌자원생산기업증권상장지수투자신탁(주식-파생형)(합성 H),K55301BS2827,같은 브랜드에서 지수 회사 이름만 추가된 이름을 PM이 확인
