결과,ISU_CD,KRX종목명,후보수,포털펀드명,srtnCd,asoStdCd,유사도
자동 1:1,491610,1Q CD금리액티브(합성),1,하나 1Q CD금리액티브증권상장지수투자신탁[채권혼합-파생형](합성),ED368,K55102ED3689,
자동 1:1,332500,ACE 200TR,1,한국투자 ACE 200 증권 상장지수투자신탁(주식),87774,KR5101877748,
유사도 후보(확인 필요),226380,ACE Fn성장소비주도주,0,한국투자 ACE 성장소비주도주증권상장지수투자신탁(주식),B5453,K55101B54539,0.88
자동 1:1,291130,ACE MSCI멕시코(합성),1,한국투자 ACE MSCI멕시코증권상장지수투자신탁(주식-파생형)(합성),C3194,K55101C31949,
자동 1:1,256440,ACE MSCI인도네시아(합성),1,한국투자 ACE MSCI인도네시아증권상장지수투자신탁(주식-파생형)(합성),BI410,K55101BI4108,
자동 1:1,261920,ACE MSCI필리핀(합성),1,한국투자 ACE MSCI필리핀증권상장지수투자신탁(주식-파생형)(합성),BJ509,K55101BJ5096,
자동 1:1,225130,ACE 골드선물 레버리지(합성 H),1,한국투자 ACE 골드선물레버리지특별자산상장지수투자신탁(금-파생형)(합성 H),B4442,K55101B44423,
수동,114460,ACE 국고채3년,0,,,,0.75
수동,190620,ACE 단기통안채,0,,,,0.44
자동 1:1,265690,ACE 러시아MSCI(합성),1,한국투자 ACE 러시아MSCI증권상장지수투자신탁(주식-파생형)(합성),BM289,K55101BM2890,
자동 1:1,0085N0,ACE 미국10년국채액티브(H),1,한국투자 ACE 미국10년국채액티브증권상장지수투자신탁[채권](H),EL917,K55101EL9174,
자동 1:1,452250,ACE 미국30년국채선물레버리지(합성 H),1,한국투자ACE미국30년국채선물레버리지 증권상장지수투자신탁(채권-파생형)(합성H),DZ903,K55101DZ9039,
자동 1:1,453850,ACE 미국30년국채액티브(H),1,한국투자 ACE 미국30년국채액티브증권상장지수투자신탁[채권](H),E0386,K55101E03860,
자동 1:1,476750,ACE 미국30년국채엔화노출액티브(H),1,한국투자 ACE 미국30년국채엔화노출액티브증권상장지수투자신탁[채권](H),E9179,K55101E91790,
자동 1:1,480030,ACE 미국500데일리타겟커버드콜(합성),1,한국투자 ACE 미국500데일리타겟커버드콜 증권 상장지수투자신탁(주식-파생형)(합성),E9775,K55101E97755,
자동 1:1,280320,ACE 미국IT인터넷(합성 H),1,한국투자 ACE 미국IT인터넷증권상장지수투자신탁(주식-파생형)(합성 H),BW592,K55101BW5925,
유사도 후보(확인 필요),456880,ACE 미국달러SOFR금리(합성),0,한국투자 ACE 미국SOFR금리특별자산상장지수투자신탁[금리-파생형](합성),E1969,K55101E19692,0.89
자동 1:1,480040,ACE 미국반도체데일리타겟커버드콜(합성),1,한국투자 ACE 미국반도체 데일리타겟커버드콜 증권 상장지수투자신탁(주식-파생형)(합성),E9645,K55101E96450,
자동 1:1,181480,ACE 미국부동산리츠(합성 H),1,한국투자 ACE 미국부동산리츠 부동산상장지수투자신탁(파생형)(합성 H),AJ978,KR5101AJ9786,
자동 1:1,480020,ACE 미국빅테크7+데일리타겟커버드콜(합성),1,한국투자 ACE 미국빅테크7+ 데일리타겟커버드콜 증권상장지수투자신탁(주식-파생형)(합성),E9776,K55101E97763,
자동 1:1,465610,ACE 미국빅테크TOP7 Plus레버리지(합성),1,한국투자 ACE 미국빅테크TOP7 Plus레버리지증권상장지수투자신탁(주식-파생형)(합성),E5248,K55101E52487,
자동 1:1,465620,ACE 미국빅테크TOP7 Plus인버스(합성),1,한국투자 ACE 미국빅테크TOP7 Plus인버스증권상장지수투자신탁(주식-파생형)(합성),E5249,K55101E52495,
자동 1:1,455660,ACE 미국하이일드액티브(H),1,한국투자 ACE 미국하이일드액티브증권상장지수투자신탁[채권-재간접형](H),E1301,K55101E13018,
자동 1:1,245710,ACE 베트남VN30(합성),1,한국투자 ACE 베트남VN30증권상장지수투자신탁(주식-파생형)(합성),BE085,K55101BE0852,
유사도 후보(확인 필요),131890,ACE 삼성그룹동일가중,0,한국투자 ACE 삼성그룹주 동일가중 증권 상장지수투자신탁(주식),29927,KR5101299273,0.94
수동,108450,ACE 삼성그룹섹터가중,0,,,,0.71
자동 1:1,238720,ACE 일본Nikkei225(H),1,한국투자 ACE 일본Nikkei225증권상장지수투자신탁(주식-파생형)(H),BA823,K55101BA8230,
수동,196030,ACE 일본TOPIX레버리지(H),0,,,,0.71
수동,205720,ACE 일본TOPIX인버스(합성 H),0,,,,0.67
수동,219900,ACE 중국본토CSI300레버리지(합성),0,,,,0.83
수동,285690,FOCUS ESG리더스,0,,,,0.32
수동,0073X0,FOCUS 알리바바미국채커버드콜혼합,0,,,,0.46
자동 1:1,332930,HANARO 200TR,1,NH-Amundi HANARO 200 증권 상장지수투자신탁[주식],C5776,K55232C57764,
자동 1:1,453060,HANARO KOFR금리액티브(합성),1,NH-Amundi HANARO KOFR금리액티브특별자산상장지수투자신탁(금리-파생형)(합성),E0766,K55232E07666,
자동 1:1,354350,HANARO 글로벌럭셔리S&P(합성),1,NH-Amundi HANARO 글로벌럭셔리S&P 증권상장지수투자신탁(파생)(합성),D3726,K55232D37269,
자동 1:1,401590,HANARO 글로벌탄소배출권선물ICE(합성),1,NH-Amundi HANARO 글로벌탄소배출권선물ICE특별자산상장지수투자신탁(탄소배출권-파생형)(합성),DN126,K55232DN1263,
자동 1:1,294400,KIWOOM 200TR,1,키움 KIWOOM 200 상장지수증권투자신탁[주식],35289,KR5206352894,
자동 1:1,458210,KIWOOM CD금리액티브(합성),1,키움 KIWOOM CD금리액티브특별자산상장지수투자신탁[금리-파생형](합성),E2462,K55206E24624,
유사도 후보(확인 필요),435530,KIWOOM TDF2030액티브 적격,0,키움 KIWOOM 적격TDF2030액티브증권상장지수투자신탁[주식혼합-재간접형],DU252,K55206DU2520,1.0
유사도 후보(확인 필요),435540,KIWOOM TDF2040액티브 적격,0,키움 KIWOOM 적격TDF2040액티브증권상장지수투자신탁[주식혼합-재간접형],DU253,K55206DU2538,1.0
유사도 후보(확인 필요),435550,KIWOOM TDF2050액티브 적격,0,키움 KIWOOM 적격TDF2050액티브증권상장지수투자신탁[주식혼합-재간접형],DU254,K55206DU2546,1.0
수동,148070,KIWOOM 국고채10년,0,,,,0.67
수동,167860,KIWOOM 국고채10년레버리지,0,,,,0.7
수동,114470,KIWOOM 국고채3년,0,,,,0.75
유사도 후보(확인 필요),0127V0,KIWOOM 미국S&P500 TOP10&배당다우비중전환,0,키움 KIWOOM 미국S&P500 TOP10&배당다우존스비중전환증권상장지수투자신탁[주식],EN635,K55206EN6354,0.95
자동 1:1,449780,KIWOOM 미국S&P500(H),1,키움 KIWOOM 미국S&P500증권상장지수투자신탁[주식](H),DZ137,K55206DZ1378,
자동 1:1,453080,KIWOOM 미국나스닥100(H),1,키움 KIWOOM 미국나스닥100증권상장지수투자신탁[주식](H),E0164,K55206E01648,
자동 1:1,460270,KIWOOM 미국달러SOFR금리액티브(합성),1,키움 KIWOOM 미국달러SOFR금리액티브특별자산상장지수투자신탁[금리-파생형](합성),E2457,K55206E24574,
수동,0084E0,KIWOOM 미국대형주500월간목표헤지액티브,0,,,,0.85
유사도 후보(확인 필요),0084D0,KIWOOM 미국테크100월간목표헤지액티브,0,키움KIWOOM US테크100월간목표헤지액티브증권상장지수투자신탁[혼합-파생재간접형],EJ724,K55206EJ7242,0.88
자동 1:1,0015E0,KIWOOM 엔비디아미국30년국채혼합액티브(H),1,키움KIWOOM엔비디아미국30년국채혼합액티브증권상장지수투자신탁[채권혼합](H),EI047,K55206EI0479,
수동,200250,KIWOOM 인도Nifty50(합성),0,,,,0.74
수동,153270,KIWOOM 코스피100,0,,,,0.67
수동,122260,KIWOOM 통안채1년,0,,,,0.75
자동 1:1,0015F0,KIWOOM 팔란티어미국30년국채혼합액티브(H),1,키움KIWOOM팔란티어미국30년국채혼합액티브증권상장지수투자신탁[채권혼합](H),EI048,K55206EI0487,
수동,363580,KODEX 200IT TR,0,,,,0.61
자동 1:1,278530,KODEX 200TR,1,삼성KODEX200증권상장지수투자신탁[주식],35288,KR5105352888,
자동 1:1,271060,KODEX 3대농산물선물(H),1,삼성KODEX3대농산물선물특별자산상장지수투자신탁[농산물-파생형](H),BP438,K55105BP4386,
자동 1:1,481050,KODEX CD1년금리플러스액티브(합성),1,삼성 KODEX CD1년금리플러스액티브증권상장지수투자신탁[채권혼합-파생형](합성),E9487,K55105E94878,
자동 1:1,459580,KODEX CD금리액티브(합성),1,삼성KODEX CD금리액티브증권상장지수투자신탁[채권혼합-파생형](합성),E2477,K55105E24776,
자동 1:1,423160,KODEX KOFR금리액티브(합성),1,삼성KODEX KOFR금리액티브특별자산상장지수투자신탁[금리-파생형](합성),DR937,K55105DR9373,
수동,291890,KODEX MSCI EM선물(H),0,,,,0.84
수동,289040,KODEX MSCI KOREA ESG유니버설,0,,,,0.81
자동 1:1,278540,KODEX MSCI Korea TR,1,삼성KODEX MSCI KOREA 증권상장지수투자신탁[주식],AA207,KR5105AA2075,
자동 1:1,269420,KODEX S&P글로벌인프라(합성),1,삼성KODEX S&P글로벌인프라증권상장지수투자신탁[주식-파생형](합성),BN570,K55105BN5708,
유사도 후보(확인 필요),433970,KODEX TDF2030액티브 적격,0,삼성 KODEX 적격 TDF2030액티브증권상장지수투자신탁[채권혼합-재간접형],DT535,K55105DT5353,1.0
유사도 후보(확인 필요),433980,KODEX TDF2040액티브 적격,0,삼성 KODEX 적격 TDF2040액티브증권상장지수투자신탁[주식혼합-재간접형],DT536,K55105DT5361,1.0
유사도 후보(확인 필요),434060,KODEX TDF2050액티브 적격,0,삼성 KODEX 적격 TDF2050액티브증권상장지수투자신탁[주식혼합-재간접형],DT537,K55105DT5379,1.0
유사도 후보(확인 필요),0082V0,KODEX TDF2060액티브 적격,0,삼성 KODEX 적격 TDF2060액티브증권상장지수투자신탁[주식혼합-재간접형],EI447,K55105EI4473,1.0
수동,315930,KODEX Top5PlusTR,0,,,,0.69
자동 1:1,261220,KODEX WTI원유선물(H),1,삼성KODEX WTI원유선물특별자산상장지수투자신탁[원유-파생형](H),BJ856,K55105BJ8567,
자동 1:1,271050,KODEX WTI원유선물인버스(H),1,삼성KODEXWTI원유선물인버스특별자산상장지수투자신탁[원유-파생형](H),BP434,K55105BP4345,
자동 1:1,132030,KODEX 골드선물(H),1,삼성KODEX골드선물특별자산상장지수투자신탁[금-파생형](H),70584,KR5105705846,
자동 1:1,280940,KODEX 골드선물인버스(H),1,삼성KODEX골드선물인버스특별자산상장지수투자신탁[금-파생형](H),BY204,K55105BY2041,
자동 1:1,138910,KODEX 구리선물(H),1,삼성KODEX구리선물 특별자산상장지수투자신탁[구리-파생형](H),A0889,KR5105A08898,
수동,152380,KODEX 국채선물10년,0,,,,0.62
수동,176950,KODEX 국채선물10년인버스,0,,,,0.84
자동 1:1,276990,KODEX 글로벌로봇(합성),1,삼성 KODEX 글로벌로봇 증권상장지수투자신탁[주식-파생형](합성),BT649,K55105BT6494,
수동,321410,KODEX 멀티에셋하이인컴(H),0,,,,0.8
자동 1:1,0091C0,KODEX 미국10년국채액티브(H),1,삼성 KODEX 미국10년국채액티브증권상장지수투자신탁[채권-재간접형](H),EM271,K55105EM2711,
자동 1:1,484790,KODEX 미국30년국채액티브(H),1,삼성 KODEX 미국30년국채액티브증권상장지수투자신탁[채권-재간접형](H),EB559,K55105EB5592,
자동 1:1,304660,KODEX 미국30년국채울트라선물(H),1,삼성 KODEX 미국30년국채울트라선물증권상장지수투자신탁[채권-파생형](H),CD007,K55105CD0072,
자동 1:1,304670,KODEX 미국30년국채울트라선물인버스(H),1,삼성 KODEX 미국30년국채울트라선물인버스증권상장지수투자신탁[채권-파생형](H),CD021,K55105CD0213,
자동 1:1,481060,KODEX 미국30년국채타겟커버드콜(합성 H),1,삼성 KODEX 미국30년국채타겟커버드콜증권상장지수투자신탁[채권-파생형](합성 H),EA079,K55105EA0792,
자동 1:1,449180,KODEX 미국S&P500(H),1,삼성KODEX 미국S&P500증권상장지수투자신탁[주식](H),DY758,K55105DY7584,
자동 1:1,276970,KODEX 미국S&P500배당귀족커버드콜(합성 H),1,삼성KODEX 미국S&P500배당귀족커버드콜증권상장지수투자신탁[주식-파생형](합성)(H),BT655,K55105BT6551,
자동 1:1,200030,KODEX 미국S&P500산업재(합성),1,삼성KODEX 미국S&P500산업재증권상장지수투자신탁[주식-파생형](합성),AS639,KR5105AS6399,
수동,219480,KODEX 미국S&P500선물(H),0,,,,0.88
자동 1:1,218420,KODEX 미국S&P500에너지(합성),1,삼성KODEX 미국S&P500에너지증권상장지수투자신탁[주식-파생형](합성),B1941,K55105B19418,
수동,185680,KODEX 미국S&P바이오(합성),0,,,,0.62
자동 1:1,449190,KODEX 미국나스닥100(H),1,삼성KODEX 미국나스닥100증권상장지수투자신탁[주식](H),DY757,K55105DY7576,
자동 1:1,409820,KODEX 미국나스닥100레버리지(합성 H),1,삼성KODEX 미국나스닥100레버리지증권상장지수투자신탁[주식-파생형](합성H),DO312,K55105DO3122,
자동 1:1,304940,KODEX 미국나스닥100선물(H),1,삼성KODEX 미국나스닥100선물증권상장지수투자신탁[주식-파생형](H),CC499,K55105CC4992,
자동 1:1,409810,KODEX 미국나스닥100선물인버스(H),1,삼성KODEX 미국나스닥100선물인버스증권상장지수투자신탁[주식-파생형](H),DO326,K55105DO3262,
자동 1:1,455030,KODEX 미국달러SOFR금리액티브(합성),1,삼성KODEX 미국달러SOFR금리액티브특별자산상장지수투자신탁[금리-파생형](합성),E1013,K55105E10130,
자동 1:1,280930,KODEX 미국러셀2000(H),1,삼성KODEX 미국러셀2000증권상장지수투자신탁[주식-파생형](H),BX617,K55105BX6175,
유사도 후보(확인 필요),441640,KODEX 미국배당커버드콜액티브,0,삼성 KODEX 미국배당커버드콜S&P액티브증권상장지수투자신탁[주식-파생형],DW274,K55105DW2744,0.92
자동 1:1,352560,KODEX 미국부동산리츠(H),1,삼성 KODEX 미국부동산리츠부동산상장지수투자신탁[REITs-파생재간접형](H),D1556,K55105D15560,
자동 1:1,314250,KODEX 미국빅테크10(H),1,삼성 KODEX 미국빅테크10증권상장지수투자신탁[주식-파생형](H),CG997,K55105CG9971,
자동 1:1,437080,KODEX 미국종합채권ESG액티브(H),1,삼성KODEX 미국종합채권ESG액티브증권상장지수투자신탁[채권](H),DR478,K55105DR4788,
자동 1:1,400570,KODEX 유럽탄소배출권선물ICE(H),1,삼성KODEX 유럽탄소배출권선물ICE특별자산상장지수투자신탁[탄소배출권-파생형](H),DL974,K55105DL9742,
자동 1:1,144600,KODEX 은선물(H),1,삼성KODEX은선물특별자산상장지수투자신탁(은-파생형)(H),A4306,KR5105A43069,
자동 1:1,453820,KODEX 인도Nifty50레버리지(합성),1,삼성 KODEX 인도Nifty50레버리지증권상장지수투자신탁[주식-파생형](합성),E0068,K55105E00685,
자동 1:1,352540,KODEX 일본부동산리츠(H),1,삼성 KODEX 일본부동산리츠부동산상장지수투자신탁[REITs-파생재간접형](H),D1557,K55105D15578,
자동 1:1,419430,KODEX 차이나2차전지MSCI(합성),1,삼성KODEX 차이나2차전지MSCI증권상장지수투자신탁[주식-파생형](합성),DQ025,K55105DQ0258,
수동,169950,KODEX 차이나A50,0,,,,0.67
자동 1:1,204450,KODEX 차이나H레버리지(H),1,삼성KODEX 차이나H레버리지증권상장지수투자신탁[주식-파생형](H),AV018,KR5105AV0181,
자동 1:1,415340,KODEX 차이나과창판STAR50(합성),1,삼성KODEX 차이나과창판STAR50증권상장지수투자신탁[주식-파생형](합성),DF013,K55105DF0137,
자동 1:1,256750,KODEX 차이나심천ChiNext(합성),1,삼성KODEX 차이나심천ChiNext증권상장지수투자신탁[주식-파생형](합성),BI673,K55105BI6737,
유사도 후보(확인 필요),0231Z0,KODEX 코리아TDF2065액티브 적격,0,삼성KODEX 코리아 적격TDF 2065 액티브증권상장지수투자신탁[주식혼합-재간접형],EY114,K55105EY1149,1.0
유사도 후보(확인 필요),251340,KODEX 코스닥150선물인버스,0,삼성KODEX코스닥150인버스증권상장지수투자신탁[주식-파생형],BF425,K55105BF4255,0.9
자동 1:1,359210,KODEX 코스피TR,1,삼성KODEX 코스피증권상장지수투자신탁[주식],B6290,K55105B62905,
자동 1:1,138920,KODEX 콩선물(H),1,삼성KODEX콩선물 특별자산상장지수투자신탁[콩-파생형](H),A0893,KR5105A08930,
자동 1:1,450190,KODEX 한중반도체(합성),1,삼성 KODEX 한중반도체증권상장지수투자신탁[주식-파생형](합성),DY861,K55105DY8616,
자동 1:1,450180,KODEX 한중전기차(합성),1,삼성 KODEX 한중전기차증권상장지수투자신탁[주식-파생형](합성),DY862,K55105DY8624,
자동 1:1,491220,PLUS 200TR,1,한화 PLUS 200증권상장지수투자신탁(주식),A7300,KR5213A73001,
유사도 후보(확인 필요),433880,PLUS TDF2060액티브 적격,0,한화 PLUS 적격TDF2060액티브증권상장지수투자신탁(주식혼합-재간접형),DU605,K55213DU6050,1.0
자동 1:1,189400,PLUS 글로벌MSCI(합성 H),1,한화 PLUS 글로벌MSCI증권상장지수투자신탁(주식-파생형)(합성 H),AL157,KR5213AL1578,
자동 1:1,269540,PLUS 미국S&P500(H),1,한화 PLUS 미국S&P500 증권상장지수투자신탁(주식),DS713,K55213DS7136,
자동 1:1,213630,PLUS 미국다우존스고배당주(합성 H),1,한화 PLUS 미국다우존스고배당주증권상장지수투자신탁(주식-파생형)(합성 H),AY781,KR5213AY7810,
자동 1:1,456200,PLUS 미국달러SOFR금리액티브(합성),1,한화 PLUS 미국달러SOFR금리액티브특별자산상장지수투자신탁(금리-파생형)(합성),E2308,K55213E23085,
자동 1:1,461910,PLUS 미국테크TOP10레버리지(합성),1,한화 PLUS 미국테크TOP10레버리지증권상장지수투자신탁(주식혼합-파생형)(합성),E3154,K55213E31542,
자동 1:1,195970,PLUS 선진국MSCI(합성 H),1,한화 PLUS 선진국MSCI증권상장지수투자신탁(주식-파생형)(합성 H),AR712,KR5213AR7124,
자동 1:1,195980,PLUS 신흥국MSCI(합성 H),1,한화 PLUS 신흥국MSCI증권상장지수투자신탁(주식-파생형)(합성 H),AR716,KR5213AR7165,
자동 1:1,256450,PLUS 심천차이넥스트(합성),1,한화 PLUS 심천차이넥스트증권상장지수투자신탁(주식-파생형)(합성),BI719,K55213BI7197,
자동 1:1,489000,PLUS 일본엔화초단기국채(합성),1,한화 PLUS 일본엔화초단기국채 증권상장지수투자신탁(채권-파생형)(합성),ED266,K55213ED2661,
자동 1:1,328370,PLUS 코스피TR,1,한화 PLUS 코스피증권상장지수투자신탁(주식),B7295,K55213B72955,
수동,361580,RISE 200TR,2,,,,0.8
수동,465350,RISE 2차전지TOP10인버스(합성),0,,,,0.77
자동 1:1,477080,RISE CD금리액티브(합성),1,KB RISE CD금리액티브 특별자산 상장지수 투자신탁(금리-파생형)(합성),E8988,K55223E89887,
자동 1:1,479520,RISE KOFR금리액티브(합성),1,KB RISE KOFR금리액티브 증권 상장지수 투자신탁(채권혼합-파생형)(합성),E9849,K55223E98490,
유사도 후보(확인 필요),442550,RISE TDF2030액티브 적격,0,KB RISE 적격TDF2030액티브 증권 상장지수 투자신탁(주식혼합-재간접형),DX523,K55223DX5230,1.0
유사도 후보(확인 필요),442560,RISE TDF2040액티브 적격,0,KB RISE 적격TDF2040액티브 증권 상장지수 투자신탁(주식혼합-재간접형),DX524,K55223DX5248,1.0
유사도 후보(확인 필요),442570,RISE TDF2050액티브 적격,0,KB RISE 적격TDF2050액티브 증권 상장지수 투자신탁(주식혼합-재간접형),DX525,K55223DX5255,1.0
유사도 후보(확인 필요),451670,RISE 국채30년레버리지(합성),0,KB RISE 국채30년레버리지KAP 증권 상장지수 투자신탁(채권-파생형)(합성),E0062,K55223E00629,0.86
자동 1:1,375270,RISE 글로벌데이터센터리츠(합성),1,KB RISE 글로벌 데이터센터 리츠 부동산 상장지수 투자신탁(파생형)(합성),DE121,K55223DE1216,
자동 1:1,276650,RISE 글로벌테크놀로지(합성 H),1,KB RISE 글로벌테크놀로지증권상장지수투자신탁(주식-파생형)(합성 H),BU654,K55223BU6548,
수동,315960,RISE 대형고배당10TR,0,,,,0.67
수동,401170,RISE 메타버스,0,,,,0.53
자동 1:1,472870,RISE 미국30년국채엔화노출(합성 H),1,KB RISE 미국30년국채엔화노출 증권 상장지수 투자신탁(채권-파생형)(합성H),E7782,K55223E77825,
자동 1:1,472830,RISE 미국30년국채커버드콜(합성),1,KB RISE 미국30년국채커버드콜 증권 상장지수 투자신탁(채권-파생형)(합성),E7606,K55223E76066,
자동 1:1,453330,RISE 미국S&P500(H),1,KB RISE 미국S&P500 증권 상장지수 투자신탁(주식)(H),E0528,K55223E05289,
자동 1:1,0005C0,RISE 미국S&P500엔화노출(합성 H),1,KB RISE 미국S&P500엔화노출 증권 상장지수 투자신탁(주식-파생형)(합성H),EG992,K55223EG9927,
자동 1:1,219390,RISE 미국S&P원유생산기업(합성 H),1,KB RISE 미국S&P원유생산기업 증권 상장지수 투자신탁(주식-파생형)(합성H),B2817,K55223B28170,
자동 1:1,455960,RISE 미국달러SOFR금리액티브(합성),1,KB RISE 미국달러SOFR금리액티브 특별자산 상장지수 투자신탁(금리-파생형)(합성),E2033,K55223E20338,
자동 1:1,469050,RISE 미국반도체NYSE(H),1,KB RISE 미국반도체NYSE 증권 상장지수 투자신탁(주식)(H),E6591,K55223E65911,
자동 1:1,491630,RISE 미국반도체인버스(합성 H),1,KB RISE 미국반도체인버스증권상장지수투자신탁(주식-파생형)(합성 H),ED942,K55223ED9425,
자동 1:1,267440,RISE 미국장기국채선물(H),1,KB RISE 미국장기국채선물 증권 상장지수 투자신탁(채권-파생형)(H),BN108,K55223BN1084,
자동 1:1,267490,RISE 미국장기국채선물레버리지(합성 H),1,KB RISE 미국장기국채선물 레버리지 증권 상장지수 투자신탁(채권-파생형)(합성H),BN111,K55223BN1118,
자동 1:1,267450,RISE 미국장기국채선물인버스(H),1,KB RISE 미국장기국채선물 인버스 증권 상장지수 투자신탁(채권-파생형)(H),BN109,K55223BN1092,
유사도 후보(확인 필요),367770,RISE 수소경제테마,0,KB RISE Fn수소경제테마 증권 상장지수 투자신탁(주식),DB489,K55223DB4890,0.86
자동 1:1,379790,RISE 유로스탁스50(H),1,KB RISE 유로스탁스50 증권 상장지수 투자신탁(주식)(H),DG418,K55223DG4184,
자동 1:1,310080,RISE 중국MSCI China(H),1,KB RISE 중국 MSCI China 증권 상장지수 투자신탁(주식)(H),CG251,K55223CG2510,
자동 1:1,250730,RISE 차이나HSCEI(H),1,KB RISE 차이나HSCEI 증권 상장지수 투자신탁(주식)(H),BF097,K55223BF0979,
자동 1:1,291680,RISE 차이나H선물인버스(H),1,KB RISE 차이나H선물인버스 증권 상장지수 투자신탁(주식-파생형)(H),C5350,K55223C53507,
수동,0013R0,RISE 테슬라미국채타겟커버드콜혼합(합성),0,,,,0.56
자동 1:1,334690,RISE 팔라듐선물(H),1,KB RISE 팔라듐선물 특별자산 상장지수 투자신탁(파생형)(H),CV848,K55223CV8484,
자동 1:1,334700,RISE 팔라듐선물인버스(H),1,KB RISE 팔라듐선물인버스 특별자산 상장지수 투자신탁(파생형)(H),CV849,K55223CV8492,
수동,295040,SOL 200TR,0,,,,0.62
자동 1:1,400590,SOL 글로벌탄소배출권선물ICE(합성),1,신한SOL글로벌탄소배출권선물ICE특별자산상장지수투자신탁[탄소배출권-파생형](합성),DN235,K55210DN2358,
자동 1:1,461600,SOL 미국30년국채액티브(H),1,신한SOL미국30년국채액티브증권상장지수투자신탁[채권](H),E4044,K55210E40440,
자동 1:1,473330,SOL 미국30년국채커버드콜(합성),1,신한SOL미국30년국채커버드콜증권상장지수투자신탁[채권-파생형](합성),E7644,K55210E76444,
유사도 후보(확인 필요),494210,SOL 미국500타겟데일리커버드콜액티브,0,신한SOL미국500타켓데일리커버드콜액티브증권상장지수투자신탁[주식-파생형],EC963,K55210EC9637,0.94
자동 1:1,499150,SOL 미국S&P500엔화노출(H),1,신한SOL미국S&P500엔화노출증권상장지수투자신탁[주식-파생형](H),EF751,K55210EF7513,
자동 1:1,452360,SOL 미국배당다우존스(H),1,신한SOL미국배당다우존스증권상장지수투자신탁[주식](H),E0628,K55210E06284,
자동 1:1,400580,SOL 유럽탄소배출권선물S&P(H),1,신한SOL유럽탄소배출권선물S&P특별자산상장지수투자신탁[탄소배출권-파생형](H),DN234,K55210DN2341,
자동 1:1,220130,SOL 차이나강소기업CSI500(합성 H),1,신한 SOL 차이나강소기업CSI500증권상장지수투자신탁(주식-파생형)(합성 H),B2170,K55210B21701,
자동 1:1,415760,SOL 차이나육성산업액티브(합성),1,신한SOL차이나육성산업액티브증권상장지수투자신탁[주식혼합-파생형](합성),DQ349,K55210DQ3494,
자동 1:1,413220,SOL 차이나태양광CSI(합성),1,신한SOL차이나태양광CSI증권상장지수투자신탁[주식혼합-파생형](합성),DP748,K55210DP7488,
수동,495550,SOL 코리아밸류업TR,0,,,,0.64
유사도 후보(확인 필요),0139F0,TIGER 12월자동연장금융채(AA-이상)액티브,0,미래에셋TIGER12월만기자동연장금융채(AA-이상)액티브증권상장지수투자신탁(채권),EP663,K55301EP6638,0.93
자동 1:1,310960,TIGER 200TR,1,미래에셋TIGER200 증권상장지수투자신탁(주식),81271,KR5225812712,
자동 1:1,475630,TIGER CD1년금리액티브(합성),1,미래에셋TIGERCD1년금리액티브증권상장지수투자신탁(채권혼합-파생형)(합성),E8534,K55301E85343,
자동 1:1,357870,TIGER CD금리투자KIS(합성),1,미래에셋TIGERCD금리투자KIS특별자산상장지수투자신탁(CD-파생형)(합성),D6100,K55301D61007,
자동 1:1,499660,TIGER CD금리플러스액티브(합성),1,미래에셋TIGERCD금리플러스액티브증권상장지수투자신탁(채권혼합-파생형)(합성),EF800,K55301EF8008,
자동 1:1,449170,TIGER KOFR금리액티브(합성),1,미래에셋TIGERKOFR금리액티브증권상장지수투자신탁(채권혼합-파생형)(합성),DY120,K55301DY1209,
유사도 후보(확인 필요),138530,TIGER LG그룹플러스,0,미래에셋 TIGER LG그룹+ 증권상장지수투자신탁(주식),A0402,KR5225A04026,1.0
수동,310970,TIGER MSCI Korea TR,0,,,,0.71
자동 1:1,269370,TIGER S&P글로벌인프라(합성),1,미래에셋TIGERS&P글로벌인프라증권상장지수투자신탁(주식-파생형)(합성),BO546,K55301BO5469,
유사도 후보(확인 필요),248270,TIGER S&P글로벌헬스케어(합성),0,미래에셋TIGER글로벌헬스케어증권상장지수투자신탁(주식-파생형)(합성),BE698,K55301BE6980,0.88
유사도 후보(확인 필요),0025N0,TIGER TDF2045 적격,0,미래에셋TIGER적격TDF2045증권상장지수투자신탁(주식혼합),EH735,K55301EH7354,1.0
유사도 후보(확인 필요),237440,TIGER 경기방어채권혼합,0,미래에셋TIGER경기방어혼합증권상장지수투자신탁(채권혼합),BA011,K55301BA0110,0.86
자동 1:1,319640,TIGER 골드선물(H),1,미래에셋TIGER골드선물특별자산상장지수투자신탁[금-파생형](H),CM518,K55301CM5189,
유사도 후보(확인 필요),114820,TIGER 국채3년,0,미래에셋TIGER 국채3 증권 상장지수투자신탁(채권),15106,KR5225151061,0.86
수동,275980,TIGER 글로벌4차산업혁신기술(합성 H),0,,,,0.85
자동 1:1,394670,TIGER 글로벌리튬&2차전지SOLACTIVE(합성),1,미래에셋TIGER글로벌리튬&2차전지SOLACTIVE증권상장지수투자신탁(주식-파생형)(합성),DJ652,K55301DJ6520,
수동,276000,TIGER 글로벌자원생산기업(합성 H),0,,,,0.82
자동 1:1,139320,TIGER 금은선물(H),1,미래에셋TIGER금은선물특별자산상장지수투자신탁(금속-파생형)(H),A1711,KR5225A17119,
수동,137610,TIGER 농산물선물Enhanced(H),0,,,,0.56
유사도 후보(확인 필요),182490,TIGER 단기선진하이일드(합성 H),0,미래에셋TIGER단기선진국하이일드증권상장지수투자신탁(채권-파생형)(합성 H),AK467,KR5301AK4675,0.94
수동,105010,TIGER 라틴35,0,,,,0.67
수동,0086C0,TIGER 리츠부동산인프라10채권혼합액티브,0,,,,1.0
자동 1:1,458250,TIGER 미국30년국채스트립액티브(합성 H),1,미래에셋TIGER미국30년국채스트립액티브증권상장지수투자신탁(채권-파생형)(합성 H),E1567,K55301E15670,
자동 1:1,476550,TIGER 미국30년국채커버드콜액티브(H),1,미래에셋TIGER미국30년국채커버드콜액티브증권상장지수투자신탁(채권-재간접형)(H),E8810,K55301E88107,
수동,182480,TIGER 미국MSCI리츠(합성 H),0,,,,0.75
자동 1:1,448290,TIGER 미국S&P500(H),1,미래에셋TIGER미국S&P500증권상장지수투자신탁(주식-파생형)(H),DY661,K55301DY6612,
유사도 후보(확인 필요),225040,TIGER 미국S&P500레버리지(합성 H),0,미래에셋TIGERS&P500레버리지증권상장지수투자신탁(주식혼합-파생형)(합성 H),B5268,K55301B52687,0.9
수동,143850,TIGER 미국S&P500선물(H),0,,,,0.88
수동,225030,TIGER 미국S&P500선물인버스(H),0,,,,0.74
자동 1:1,448300,TIGER 미국나스닥100(H),1,미래에셋TIGER미국나스닥100증권상장지수투자신탁(주식-파생형)(H),DY576,K55301DY5762,
자동 1:1,418660,TIGER 미국나스닥100레버리지(합성),1,미래에셋 TIGER 미국나스닥100레버리지증권상장지수투자신탁(주식혼합-파생형)(합성),DQ357,K55301DQ3577,
자동 1:1,441680,TIGER 미국나스닥100커버드콜(합성),1,미래에셋 TIGER 미국나스닥100커버드콜증권상장지수투자신탁(주식-파생형)(합성),DX040,K55301DX0400,
유사도 후보(확인 필요),203780,TIGER 미국나스닥바이오,0,미래에셋TIGER나스닥바이오 증권상장지수투자신탁(주식),AT794,KR5301AT7943,0.86
자동 1:1,456610,TIGER 미국달러SOFR금리액티브(합성),1,미래에셋TIGER미국달러SOFR금리액티브특별자산상장지수투자신탁(금리-파생형)(합성),E1706,K55301E17064,
자동 1:1,472160,TIGER 미국테크TOP10 INDXX(H),1,미래에셋TIGER미국테크TOP10INDXX증권상장지수투자신탁(주식)(H),E7318,K55301E73182,
자동 1:1,458260,TIGER 미국투자등급회사채액티브(H),1,미래에셋TIGER미국투자등급회사채액티브증권상장지수투자신탁(채권)(H),E1569,K55301E15696,
유사도 후보(확인 필요),423920,TIGER 미국필라델피아반도체레버리지(합성),0,미래에셋TIGER필라델피아반도체레버리지증권상장지수투자신탁(주식혼합-파생형)(합성),DS314,K55301DS3146,0.92
수동,0000D0,TIGER 엔비디아미국채커버드콜밸런스(합성),0,,,,0.5
수동,130680,TIGER 원유선물Enhanced(H),0,,,,0.5
수동,217770,TIGER 원유선물인버스(H),0,,,,0.73
자동 1:1,195930,TIGER 유로스탁스50(합성 H),1,미래에셋TIGER유로스탁스50증권상장지수투자신탁(주식-파생형)(합성 H),AR603,KR5301AR6038,
유사도 후보(확인 필요),225050,TIGER 유로스탁스레버리지(합성 H),0,미래에셋TIGER유로스탁스50레버리지증권상장지수투자신탁(주식혼합-파생형)(합성 H),B5269,K55301B52695,0.9
수동,225060,TIGER 이머징마켓MSCI레버리지(합성 H),0,,,,0.7
수동,236350,TIGER 인도니프티50레버리지(합성),0,,,,0.78
수동,195920,TIGER 일본TOPIX(합성 H),0,,,,0.48
자동 1:1,204480,TIGER 차이나CSI300레버리지(합성),1,미래에셋TIGER차이나CSI300레버리지증권상장지수투자신탁(주식혼합-파생재간접형)(합성),AU908,KR5301AU9086,
자동 1:1,217780,TIGER 차이나CSI300인버스(합성),1,미래에셋TIGER차이나CSI300인버스증권상장지수투자신탁(채권혼합-파생형)(합성),B1757,K55301B17573,
자동 1:1,414780,TIGER 차이나과창판STAR50(합성),1,미래에셋 TIGER 차이나과창판STAR50증권상장지수투자신탁(주식-파생형)(합성),DG269,K55301DG2696,
자동 1:1,456680,TIGER 차이나전기차레버리지(합성),1,미래에셋 TIGER 차이나전기차레버리지증권상장지수투자신탁(주식혼합-파생형)(합성),E1747,K55301E17478,
수동,117690,TIGER 차이나항셍30,0,,,,0.71
자동 1:1,438320,TIGER 차이나항셍테크레버리지(합성 H),1,미래에셋TIGER차이나항셍테크레버리지증권상장지수투자신탁(주식혼합-파생형)(합성 H),DV890,K55301DV8900,
유사도 후보(확인 필요),250780,TIGER 코스닥150선물인버스,0,미래에셋TIGER코스닥150인버스증권상장지수투자신탁(주식-파생형),BF117,K55301BF1170,0.9
자동 1:1,449690,TIGER 한중반도체(합성),1,미래에셋TIGER 한중반도체증권상장지수투자신탁(주식-파생형)(합성),DZ099,K55301DZ0994,
자동 1:1,449680,TIGER 한중전기차(합성),1,미래에셋TIGER 한중전기차증권상장지수투자신탁(주식-파생형)(합성),DZ114,K55301DZ1141,
유사도 후보(확인 필요),138540,TIGER 현대차그룹플러스,0,미래에셋 TIGER  현대차그룹+ 증권상장지수투자신탁(주식),A0403,KR5225A04034,1.0
수동,0112X0,마이티 200TR,0,,,,0.53
수동,159800,마이티 코스피100,0,,,,0.6
유사도 후보(확인 필요),152870,파워 200,0,교보악사파워K200증권상장지수투자신탁(주식),A8241,KR5207A82418,0.86
수동,140950,파워 코스피100,0,,,,0.6
