ISU_CD,KRX종목명,기존_asoStdCd,기존_포털펀드명,후보수,후보_asoStdCd,후보_포털펀드명,후보목록,판정,운용사_근거_URL
0182R0,1Q K반도체TOP2+,K55102EU0908,하나 1Q K반도체TOP2+증권상장지수투자신탁[주식],1,K55102EU0908,하나 1Q K반도체TOP2+증권상장지수투자신탁[주식],,기존유지후보_이름규칙,
0069M0,1Q 미국나스닥100,K55102EL5296,하나 1Q 미국나스닥100증권상장지수투자신탁[주식],1,K55102EL5296,하나 1Q 미국나스닥100증권상장지수투자신탁[주식],,기존유지후보_이름규칙,
105190,ACE 200,KR5101877748,한국투자 ACE 200 증권 상장지수투자신탁(주식),1,KR5101877748,한국투자 ACE 200 증권 상장지수투자신탁(주식),,기존유지후보_이름규칙,
367380,ACE 미국나스닥100,K55101DB1182,한국투자 ACE 미국나스닥100증권상장지수투자신탁(주식),1,K55101DB1182,한국투자 ACE 미국나스닥100증권상장지수투자신탁(주식),,기존유지후보_이름규칙,
0046Y0,ACE 미국배당퀄리티,K55101EK7278,한국투자 ACE 미국배당퀄리티증권상장지수투자신탁(주식),1,K55101EK7278,한국투자 ACE 미국배당퀄리티증권상장지수투자신탁(주식),,기존유지후보_이름규칙,
304780,HANARO 200선물레버리지,K55232CC8882,NH-Amundi HANARO 200선물레버리지 증권 상장지수투자신탁[주식-파생형],1,K55232CC8882,NH-Amundi HANARO 200선물레버리지 증권 상장지수투자신탁[주식-파생형],,기존유지후보_이름규칙,
304770,HANARO 코스닥150,K55232CC8874,NH-Amundi HANARO 코스닥150 증권 상장지수투자신탁[주식],1,K55232CC8874,NH-Amundi HANARO 코스닥150 증권 상장지수투자신탁[주식],,기존유지후보_이름규칙,
306530,HANARO 코스닥150선물레버리지,K55232CD6984,NH-Amundi HANARO 코스닥150선물레버리지 증권 상장지수투자신탁[주식-파생형],1,K55232CD6984,NH-Amundi HANARO 코스닥150선물레버리지 증권 상장지수투자신탁[주식-파생형],,기존유지후보_이름규칙,
0191S0,IBK 코스닥150,K55234ET9176,IBK IBK 코스닥150 증권상장지수투자신탁[주식],1,K55234ET9176,IBK IBK 코스닥150 증권상장지수투자신탁[주식],,기존유지후보_이름규칙,
069660,KIWOOM 200,KR5206352894,키움 KIWOOM 200 상장지수증권투자신탁[주식],1,KR5206352894,키움 KIWOOM 200 상장지수증권투자신탁[주식],,기존유지후보_이름규칙,
156080,KODEX MSCI Korea,KR5105AA2075,삼성KODEX MSCI KOREA 증권상장지수투자신탁[주식],1,KR5105AA2075,삼성KODEX MSCI KOREA 증권상장지수투자신탁[주식],,기존유지후보_이름규칙,
0089D0,KODEX 금융고배당TOP10,K55105EM2703,삼성 KODEX 금융고배당TOP10증권상장지수투자신탁[주식],1,K55105EM2703,삼성 KODEX 금융고배당TOP10증권상장지수투자신탁[주식],,기존유지후보_이름규칙,
153130,KODEX 단기채권,KR5105A84337,삼성KODEX단기채권증권상장지수투자신탁[채권],1,KR5105A84337,삼성KODEX단기채권증권상장지수투자신탁[채권],,기존유지후보_이름규칙,
485540,KODEX 미국AI테크TOP10,K55105EB3902,삼성KODEX 미국AI테크TOP10증권상장지수투자신탁[주식],1,K55105EB3902,삼성KODEX 미국AI테크TOP10증권상장지수투자신탁[주식],,기존유지후보_이름규칙,
261240,KODEX 미국달러선물,K55105BJ8583,삼성KODEX미국달러선물특별자산상장지수투자신탁[미국달러-파생형],1,K55105BJ8583,삼성KODEX미국달러선물특별자산상장지수투자신탁[미국달러-파생형],,기존유지후보_이름규칙,
261270,KODEX 미국달러선물인버스,K55105BJ8609,삼성KODEX미국달러선물인버스특별자산상장지수투자신탁[미국달러-파생형],1,K55105BJ8609,삼성KODEX미국달러선물인버스특별자산상장지수투자신탁[미국달러-파생형],,기존유지후보_이름규칙,
489250,KODEX 미국배당다우존스,K55105EC8025,삼성 KODEX 미국배당다우존스증권상장지수투자신탁[주식],1,K55105EC8025,삼성 KODEX 미국배당다우존스증권상장지수투자신탁[주식],,기존유지후보_이름규칙,
0080G0,KODEX 방산TOP10,K55105EL4742,삼성 KODEX 방산TOP10증권상장지수투자신탁[주식],1,K55105EL4742,삼성 KODEX 방산TOP10증권상장지수투자신탁[주식],,기존유지후보_이름규칙,
099140,KODEX 차이나H,KR5105745933,삼성KODEX 차이나H증권상장지수투자신탁[주식],1,KR5105745933,삼성KODEX 차이나H증권상장지수투자신탁[주식],,기존유지후보_이름규칙,
226490,KODEX 코스피,K55105B62905,삼성KODEX 코스피증권상장지수투자신탁[주식],1,K55105B62905,삼성KODEX 코스피증권상장지수투자신탁[주식],,기존유지후보_이름규칙,
161510,PLUS 고배당주,KR5213AC3237,한화 PLUS 고배당주증권상장지수투자신탁(주식),1,KR5213AC3237,한화 PLUS 고배당주증권상장지수투자신탁(주식),,기존유지후보_이름규칙,
301400,PLUS 코스닥150,K55213C86276,한화 PLUS 코스닥150선물인버스증권상장지수투자신탁(주식-파생형),1,K55213C86268,한화 PLUS 코스닥150증권상장지수투자신탁(주식),,변경후보_운용사명확인,https://www.plusetf.co.kr/product/detail?n=006318
227830,PLUS 코스피,K55213B72955,한화 PLUS 코스피증권상장지수투자신탁(주식),1,K55213B72955,한화 PLUS 코스피증권상장지수투자신탁(주식),,기존유지후보_이름규칙,
465330,RISE 2차전지TOP10,K55223E57140,KB RISE 2차전지TOP10iSelect 증권 상장지수 투자신탁(주식),0,,,,후보없음,
114100,RISE 국고채3년,KR5223149026,KB RISE 국고채3년 증권 상장지수 투자신탁(채권),1,KR5223149026,KB RISE 국고채3년 증권 상장지수 투자신탁(채권),,기존유지후보_이름규칙,
295000,RISE 국채선물10년,K55223C82712,KB RISE 국채선물10년 증권 상장지수 투자신탁(채권-파생형),1,K55223C82712,KB RISE 국채선물10년 증권 상장지수 투자신탁(채권-파생형),,기존유지후보_이름규칙,
469060,RISE 미국반도체NYSE,K55223E65903,KB RISE 미국반도체NYSE 증권 상장지수 투자신탁(주식),1,K55223E65903,KB RISE 미국반도체NYSE 증권 상장지수 투자신탁(주식),,기존유지후보_이름규칙,
253280,RISE 헬스케어,K55223BH3559,KB RISE 헬스케어 증권 상장지수 투자신탁(주식),1,K55223BH3559,KB RISE 헬스케어 증권 상장지수 투자신탁(주식),,기존유지후보_이름규칙,
446720,SOL 미국배당다우존스,K55210DY2868,신한SOL미국배당다우존스증권상장지수투자신탁[주식],1,K55210DY2868,신한SOL미국배당다우존스증권상장지수투자신탁[주식],,기존유지후보_이름규칙,
481190,SOL 미국테크TOP10,K55210EB0017,신한SOL미국테크TOP10인버스증권상장지수투자신탁[주식혼합-파생형](합성),1,K55210EB0009,신한SOL미국테크TOP10증권상장지수투자신탁[주식],,변경후보_운용사명확인,https://www.soletf.com/ko/fund/etf/211059
450910,SOL 코스닥150,K55210DZ4459,신한SOL코스닥150증권상장지수투자신탁[주식],1,K55210DZ4459,신한SOL코스닥150증권상장지수투자신탁[주식],,기존유지후보_이름규칙,
139260,TIGER 200 IT,KR5225A18067,미래에셋TIGER200IT증권상장지수투자신탁(주식),1,KR5225A18067,미래에셋TIGER200IT증권상장지수투자신탁(주식),,기존유지후보_이름규칙,
139250,TIGER 200 에너지화학,KR5225A18042,미래에셋TIGER200에너지화학증권상장지수투자신탁(주식),1,KR5225A18042,미래에셋TIGER200에너지화학증권상장지수투자신탁(주식),,기존유지후보_이름규칙,
289480,TIGER 200커버드콜,K55301C25806,미래에셋TIGER200커버드콜증권상장지수투자신탁(주식-파생형),1,K55301C25806,미래에셋TIGER200커버드콜증권상장지수투자신탁(주식-파생형),,기존유지후보_이름규칙,
364980,TIGER 2차전지TOP10,K55301DA5554,미래에셋 TIGER 2차전지 TOP10 증권상장지수투자신탁(주식),1,K55301DA5554,미래에셋 TIGER 2차전지 TOP10 증권상장지수투자신탁(주식),,기존유지후보_이름규칙,
364960,TIGER BBIG,K55301DA5547,미래에셋 TIGER BBIG 증권상장지수투자신탁(주식),1,K55301DA5547,미래에셋 TIGER BBIG 증권상장지수투자신탁(주식),,기존유지후보_이름규칙,
292160,TIGER KRX300,K55301C47735,미래에셋TIGERKRX300증권상장지수투자신탁(주식),1,K55301C47735,미래에셋TIGERKRX300증권상장지수투자신탁(주식),,기존유지후보_이름규칙,
139280,TIGER 경기방어,KR5225A18109,미래에셋TIGER경기방어증권상장지수투자신탁(주식),1,KR5225A18109,미래에셋TIGER경기방어증권상장지수투자신탁(주식),,기존유지후보_이름규칙,
360750,TIGER 미국S&P500,K55301EY0879,미래에셋TIGER미국S&P500미국채혼합50증권상장지수투자신탁(채권혼합),1,K55301D79199,미래에셋 TIGER 미국S&P500증권상장지수투자신탁(주식),,변경후보_운용사명확인,https://www.tigeretf.com/upload/etf/20250804095324004654.pdf
381170,TIGER 미국테크TOP10 INDXX,K55301DG0369,미래에셋 TIGER 미국테크TOP10 INDXX증권상장지수투자신탁(주식),1,K55301DG0369,미래에셋 TIGER 미국테크TOP10 INDXX증권상장지수투자신탁(주식),,기존유지후보_이름규칙,
091220,TIGER 은행,KR5225578248,미래에셋 TIGER 은행 증권상장지수투자신탁(주식),1,KR5225578248,미래에셋 TIGER 은행 증권상장지수투자신탁(주식),,기존유지후보_이름규칙,
123310,TIGER 인버스,KR5225220130,미래에셋 TIGER 인버스 증권 상장지수투자신탁(주식-파생형),1,KR5225220130,미래에셋 TIGER 인버스 증권 상장지수투자신탁(주식-파생형),,기존유지후보_이름규칙,
292560,TIGER 일본엔선물,K55301C59425,미래에셋TIGER일본엔선물특별자산상장지수투자신탁(엔-파생형),1,K55301C59425,미래에셋TIGER일본엔선물특별자산상장지수투자신탁(엔-파생형),,기존유지후보_이름규칙,
302190,TIGER 중장기국채,K55301CA9094,미래에셋TIGER중장기국채증권상장지수투자신탁(채권-파생형),1,K55301CA9094,미래에셋TIGER중장기국채증권상장지수투자신탁(채권-파생형),,기존유지후보_이름규칙,
0133E0,TIGER 차이나증권,K55301EP6877,미래에셋TIGER차이나증권증권상장지수투자신탁(주식),2,,,K55301EP6877;KR5225874118,복수후보,
371160,TIGER 차이나항셍테크,K55301DC8499,미래에셋 TIGER 차이나항셍테크증권상장지수투자신탁(주식),1,K55301DC8499,미래에셋 TIGER 차이나항셍테크증권상장지수투자신탁(주식),,기존유지후보_이름규칙,
0052D0,TIGER 코리아배당다우존스,K55301EK1139,미래에셋TIGER코리아배당다우존스증권상장지수투자신탁(주식),1,K55301EK1139,미래에셋TIGER코리아배당다우존스증권상장지수투자신탁(주식),,기존유지후보_이름규칙,
190620,ACE 단기통안채,,,0,,,,후보없음,
285690,FOCUS ESG리더스,,,0,,,,후보없음,
0073X0,FOCUS 알리바바미국채커버드콜혼합,,,0,,,,후보없음,
219480,KODEX 미국S&P500선물(H),,,0,,,,후보없음,
269540,PLUS 미국S&P500(H),,,0,,,,후보없음,
0000D0,TIGER 엔비디아미국채커버드콜밸런스(합성),,,0,,,,후보없음,
217770,TIGER 원유선물인버스(H),,,0,,,,후보없음,
236350,TIGER 인도니프티50레버리지(합성),,,0,,,,후보없음,
195920,TIGER 일본TOPIX(합성 H),,,0,,,,후보없음,
117690,TIGER 차이나항셍30,,,0,,,,후보없음,
