ISU_CD,KRX종목명,기존_asoStdCd,후보_asoStdCd,후보_포털펀드명,후보수,근거수준,운용사_근거_URL,판정
0026S0,1Q 미국S&P500,K55102EK9976,K55102EI0342,하나 1Q 미국S&P500증권상장지수투자신탁[주식],1,운용사_종목코드_상품명,https://www.hanaam.com/qetf/etf/detail?id=12,변경후보_운용사확인
0052S0,1Q 미국S&P500미국채혼합50액티브,K55102EK9976,K55102EK9976,하나 1Q 미국S&P500미국채혼합50액티브증권상장지수투자신탁(채권혼합),1,포털_이름규칙,,기존유지후보_추가검증
0139P0,ACE 고배당주,K55101EV6285,K55101EQ7660,한국투자ACE고배당주증권상장지수투자신탁(주식),1,운용사_종목코드_상품명,https://www.aceetf.co.kr/fund/K55101EQ7660,변경후보_운용사확인
0199C0,ACE 고배당주Plus커버드콜액티브,K55101EV6285,K55101EV6285,한국투자 ACE 고배당주Plus커버드콜액티브 증권 상장지수투자신탁(주식-파생형),1,포털_이름규칙,,기존유지후보_추가검증
0085P0,ACE 미국10년국채액티브,K55101EL9174,K55101EL9166,한국투자 ACE 미국10년국채액티브증권상장지수투자신탁(채권),1,운용사_종목코드_상품명,https://www.aceetf.co.kr/fund/K55101EL9166,변경후보_운용사확인
0085N0,ACE 미국10년국채액티브(H),K55101EL9174,K55101EL9174,한국투자 ACE 미국10년국채액티브증권상장지수투자신탁[채권](H),1,운용사_종목코드_상품명,https://www.aceetf.co.kr/fund/K55101EL9174,기존유지후보_운용사확인
476760,ACE 미국30년국채액티브,K55101E03860,K55101E91865,한국투자 ACE 미국30년국채액티브증권상장지수투자신탁[채권],1,운용사_종목코드_상품명,https://www.aceetf.co.kr/fund/K55101E91865,변경후보_운용사확인
453850,ACE 미국30년국채액티브(H),K55101E03860,K55101E03860,한국투자 ACE 미국30년국채액티브증권상장지수투자신탁[채권](H),1,운용사_종목코드_상품명,https://www.aceetf.co.kr/fund/K55101E03860,기존유지후보_운용사확인
360200,ACE 미국S&P500,K55101DU8887,K55101D78195,한국투자 ACE 미국S&P500증권상장지수투자신탁(주식),1,운용사_종목코드_상품명,https://www.aceetf.co.kr/fund/K55101D78195,변경후보_운용사확인
438080,ACE 미국S&P500미국채혼합50액티브,K55101DU8887,K55101DU8887,한국투자ACE미국S&P500미국채혼합50액티브증권상장지수투자신탁(채권혼합),1,포털_이름규칙,,기존유지후보_추가검증
465580,ACE 미국빅테크TOP7 Plus,K55101E52495,K55101E52479,한국투자 ACE 미국빅테크TOP7 Plus증권상장지수투자신탁(주식),1,운용사_종목코드_상품명,https://www.aceetf.co.kr/fund/K55101E52479,변경후보_운용사확인
465620,ACE 미국빅테크TOP7 Plus인버스(합성),K55101E52495,K55101E52495,한국투자 ACE 미국빅테크TOP7 Plus인버스증권상장지수투자신탁(주식-파생형)(합성),1,운용사_종목코드_상품명,https://www.aceetf.co.kr/fund/K55101E52495,기존유지후보_운용사확인
293180,HANARO 200,K55232DO9372,K55232C57764,NH-Amundi HANARO 200 증권 상장지수투자신탁[주식],1,운용사_종목코드_상품명,https://www.hanaroetf.com/fund/etf-data-board,변경후보_운용사확인
407310,HANARO 200 TOP10,K55232DO9372,K55232DO9372,NH-Amundi HANARO 200 TOP10 증권상장지수투자신탁(주식),1,포털_이름규칙,,기존유지후보_추가검증
432840,HANARO 미국S&P500,K55232EX2250,K55232DU0555,NH-Amundi HANARO 미국 S&P500 증권상장지수투자신탁(주식),1,운용사_종목코드_상품명,https://www.hanaroetf.com/fund/6841F2BA9FF04317,변경후보_운용사확인
0219Z0,HANARO 미국S&P500액티브,K55232EX2250,K55232EX2250,NH-Amundi HANARO 미국S&P500액티브 증권상장지수투자신탁[주식],1,포털_이름규칙,,기존유지후보_추가검증
253240,KIWOOM 200선물인버스,K55206BG4575,K55206BG4559,키움 KIWOOM 200선물인버스증권상장지수투자신탁[주식-파생형],1,운용사_종목코드_상품명,https://www.kiwoometf.com/service/etf/KO02010200M?gcode=253240,변경후보_운용사확인
253230,KIWOOM 200선물인버스2X,K55206BG4575,K55206BG4575,키움 KIWOOM 200선물인버스2X증권상장지수투자신탁[주식-파생형],1,포털_이름규칙,,기존유지후보_추가검증
449770,KIWOOM 미국S&P500,K55206DZ1378,K55206DZ1360,키움 KIWOOM 미국S&P500증권상장지수투자신탁[주식],1,운용사_종목코드_상품명,https://www.kiwoometf.com/service/etf/KO02010200M?gcode=449770,변경후보_운용사확인
449780,KIWOOM 미국S&P500(H),K55206DZ1378,K55206DZ1378,키움 KIWOOM 미국S&P500증권상장지수투자신탁[주식](H),1,운용사_종목코드_상품명,https://www.kiwoometf.com/service/etf/KO02010200M?gcode=449780,기존유지후보_운용사확인
138230,KIWOOM 미국달러선물,K55206B56275,KR5206994091,키움 KIWOOM 미국달러선물특별자산상장지수투자신탁[미국달러-파생형],1,운용사_종목코드_상품명,https://www.kiwoometf.com/service/etf/KO02010200M?gcode=138230,변경후보_운용사확인
225800,KIWOOM 미국달러선물레버리지,K55206B56275,K55206B56275,키움 KIWOOM 미국달러선물레버리지특별자산상장지수투자신탁[미국달러-파생형],1,포털_이름규칙,,기존유지후보_추가검증
139660,KIWOOM 미국달러선물인버스,K55206B83279,KR5206A16343,키움 KIWOOM 미국달러선물인버스특별자산상장지수투자신탁[미국달러-파생형],1,운용사_종목코드_상품명,https://www.kiwoometf.com/service/etf/KO02010200M?gcode=139660,변경후보_운용사확인
230480,KIWOOM 미국달러선물인버스2X,K55206B83279,K55206B83279,키움 KIWOOM 미국달러선물 인버스2X 특별자산상장지수투자신탁[미국달러-파생형],1,포털_이름규칙,,기존유지후보_추가검증
316670,KIWOOM 코스닥150,K55206EV2718,K55206CJ2971,키움 KIWOOM 코스닥150증권상장지수투자신탁[주식],1,운용사_종목코드_상품명,https://www.kiwoometf.com/service/etf/KO02010200M?gcode=316670,변경후보_운용사확인
0198A0,KIWOOM 코스닥150커버드콜액티브,K55206EV2718,K55206EV2718,키움 KIWOOM 코스닥150커버드콜액티브증권상장지수투자신탁[주식-파생형],1,포털_이름규칙,,기존유지후보_추가검증
069500,KODEX 200,K55105EX2080,KR5105352888,삼성KODEX200증권상장지수투자신탁[주식],1,운용사_종목코드_상품명,https://m.samsungfund.com/sheet/20170104/2ETF01_20161229.pdf,변경후보_운용사확인
0219E0,KODEX 200커버드콜액티브,K55105EX2080,K55105EX2080,삼성 KODEX 200커버드콜액티브증권상장지수투자신탁[주식-파생형],1,포털_이름규칙,,기존유지후보_추가검증
305720,KODEX 2차전지산업,K55105E32308,K55105CD4207,삼성KODEX 2차전지산업증권상장지수투자신탁[주식],1,운용사_종목코드_상품명,https://m.samsungfund.com/sheet/20230622/2ETFB1_20230531.pdf,변경후보_운용사확인
462330,KODEX 2차전지산업레버리지,K55105E32308,K55105E32308,삼성KODEX2차전지산업레버리지증권상장지수투자신탁[주식-파생형],1,포털_이름규칙,,기존유지후보_추가검증
292190,KODEX KRX300,K55105CE6045,K55105C52102,삼성KODEX KRX300증권상장지수투자신탁[주식형],1,운용사_종목코드_상품명,https://m.samsungfund.com/sheet/20251013/2ETFA4_20250930.pdf,변경후보_운용사확인
306950,KODEX KRX300레버리지,K55105CE6045,K55105CE6045,삼성KODEX KRX300레버리지증권상장지수투자신탁[주식-파생형],1,포털_이름규칙,,기존유지후보_추가검증
379800,KODEX 미국S&P500,K55105EL1938,K55105DF7322,삼성 KODEX 미국S&P500 증권상장지수투자신탁[주식],1,운용사_종목코드_상품명,https://m.samsungfund.com/sheet/20260305/2ETFE4_20260228.pdf,변경후보_운용사확인
0068M0,KODEX 미국S&P500버퍼6월액티브,K55105EL1938,K55105EL1938,삼성 KODEX 미국S&P500버퍼6월액티브증권상장지수투자신탁[주식-파생형],1,포털_이름규칙,,기존유지후보_추가검증
379810,KODEX 미국나스닥100,K55105EE2919,K55105DF7272,삼성 KODEX 미국나스닥100 증권상장지수투자신탁[주식],1,운용사_종목코드_상품명,https://m.samsungfund.com/sheet/20260206/2ETFE3_20260131.pdf,변경후보_운용사확인
494300,KODEX 미국나스닥100데일리커버드콜OTM,K55105EE2919,K55105EE2919,삼성 KODEX 미국나스닥100데일리커버드콜OTM증권상장지수투자신탁[주식-파생형],1,포털_이름규칙,,기존유지후보_추가검증
091160,KODEX 반도체,K55105EU6183,KR5105578185,삼성KODEX반도체증권상장지수투자신탁[주식],1,운용사_종목코드_상품명,https://m.samsungfund.com/sheet/20120808/SHEET51483Kodex%EB%B0%98%EB%8F%84%EC%B2%B4.pdf,변경후보_운용사확인
0190G0,KODEX 반도체타겟위클리커버드콜,K55105EU6183,K55105EU6183,삼성 KODEX 반도체타겟위클리커버드콜증권상장지수투자신탁[주식-파생형],1,포털_이름규칙,,기존유지후보_추가검증
102780,KODEX 삼성그룹,KR5105AY4057,KR5105834570,삼성KODEX삼성그룹주증권상장지수투자신탁[주식],1,운용사_종목코드_상품명,https://m.samsungfund.com/sheet/20120718/SHEET51459Kodex%EC%82%BC%EC%84%B1%EA%B7%B8%EB%A3%B9%EC%A3%BC.pdf,변경후보_운용사확인
213610,KODEX 삼성그룹밸류,KR5105AY4057,KR5105AY4057,삼성KODEX삼성그룹밸류증권상장지수투자신탁[주식],1,포털_이름규칙,,기존유지후보_추가검증
453810,KODEX 인도Nifty50,K55105E00685,K55105E00263,삼성 KODEX 인도Nifty50증권상장지수투자신탁[주식-파생형],1,운용사_종목코드_상품명,https://www.samsungfund.com/etf/search.do?searchText=kodex+%EC%9D%B8%EB%8F%84nifty50,변경후보_운용사확인
453820,KODEX 인도Nifty50레버리지(합성),K55105E00685,K55105E00685,삼성 KODEX 인도Nifty50레버리지증권상장지수투자신탁[주식-파생형](합성),1,운용사_종목코드_상품명,https://www.samsungfund.com/etf/search.do?searchText=kodex+%EC%9D%B8%EB%8F%84nifty50,기존유지후보_운용사확인
211900,KODEX 코리아배당성장,K55105B99147,KR5105AX7259,삼성 KODEX 코리아배당성장증권상장지수투자신탁[주식],1,운용사_종목코드_상품명,https://www.samsungfund.com/upload/kodex/newsroom/20251020144727705.pdf,변경후보_운용사확인
237370,KODEX 코리아배당성장채권혼합,K55105B99147,K55105B99147,삼성 KODEX 코리아배당성장채권혼합증권상장지수투자신탁[채권혼합],1,포털_이름규칙,,기존유지후보_추가검증
229200,KODEX 코스닥150,K55105D60640,K55105B74603,삼성KODEX코스닥150증권상장지수투자신탁[주식],1,운용사_종목코드_상품명,https://m.samsungfund.com/sheet/20260406/2ETF54_20260331.pdf,변경후보_운용사확인
360150,KODEX 코스닥150롱코스피200숏선물,K55105D60640,K55105D60640,삼성KODEX 코스닥150롱코스피200숏 선물증권상장지수투자신탁[주식-파생형],1,포털_이름규칙,,기존유지후보_추가검증
152100,PLUS 200,K55213EW5851,KR5213A73001,한화 PLUS 200증권상장지수투자신탁(주식),1,운용사_종목코드_상품명,https://www.plusetf.co.kr/upload/fund/PLUS_200_20260529.pdf,변경후보_운용사확인
0210E0,PLUS 200커버드콜액티브,K55213EW5851,K55213EW5851,한화 PLUS 200커버드콜액티브증권상장지수투자신탁(주식-파생형),1,포털_이름규칙,,기존유지후보_추가검증
449450,PLUS K방산,K55213EO3567,K55213DZ4142,한화 PLUS K방산증권상장지수투자신탁(주식),1,운용사_종목코드_상품명,https://www.plusetf.co.kr/product/detail?n=006192,변경후보_운용사확인
0104G0,PLUS K방산레버리지,K55213EO3567,K55213EO3567,한화 PLUS K방산레버리지증권상장지수투자신탁(주식-파생형),1,포털_이름규칙,,기존유지후보_추가검증
429760,PLUS 미국S&P500,K55213EK8776,K55213DS7136,한화 PLUS 미국S&P500 증권상장지수투자신탁(주식),1,운용사_종목코드_상품명,https://www.plusetf.co.kr/product/detail?n=006346,변경후보_운용사확인
0057H0,PLUS 미국S&P500미국채혼합50액티브,K55213EK8776,K55213EK8776,한화 PLUS 미국S&P500미국채혼합50액티브증권상장지수투자신탁(채권혼합-재간접형),1,포털_이름규칙,,기존유지후보_추가검증
461900,PLUS 미국테크TOP10,K55213E31542,K55213E31534,한화 PLUS 미국테크TOP10증권상장지수투자신탁(주식),1,운용사_종목코드_상품명,https://www.plusetf.co.kr/customer/notice/detail?n=28085,변경후보_운용사확인
461910,PLUS 미국테크TOP10레버리지(합성),K55213E31542,K55213E31542,한화 PLUS 미국테크TOP10레버리지증권상장지수투자신탁(주식혼합-파생형)(합성),1,운용사_종목코드_상품명,https://www.plusetf.co.kr/customer/notice/detail?n=28085,기존유지후보_운용사확인
148020,RISE 200,KR5223AL4166,KR5223A66905,KB RISE 200 증권 상장지수 투자신탁(주식),1,운용사_종목코드_상품명,https://www.riseetf.co.kr/prod/finderDetail/4435,변경후보_운용사확인
183700,RISE 200채권혼합50,KR5223AL4166,KR5223AL4166,KB RISE 200채권혼합50증권상장지수투자신탁(채권혼합),1,포털_이름규칙,,기존유지후보_추가검증
252410,RISE 200선물인버스,K55223BH1595,K55223BG9649,KB RISE 200선물인버스 증권 상장지수 투자신탁(주식-파생형),1,운용사_종목코드_상품명,https://eng.riseetf.co.kr/prod/finderDetail/4448,변경후보_운용사확인
252420,RISE 200선물인버스2X,K55223BH1595,K55223BH1595,KB RISE 200선물인버스2X 증권 상장지수 투자신탁(주식-파생형),1,포털_이름규칙,,기존유지후보_추가검증
234310,RISE V&S셀렉트밸류,K55223BB7382,K55223B91129,KB RISE V&S 셀렉트밸류 증권 상장지수 투자신탁(주식),1,운용사_종목코드_상품명,https://www.riseetf.co.kr/prod/finderDetail/4444?searchFlag=viewtab1,변경후보_운용사확인
241390,RISE V&S셀렉트밸류채권혼합,K55223BB7382,K55223BB7382,KB RISE V&S 셀렉트밸류 채권혼합 증권 상장지수 투자신탁(채권혼합),1,포털_이름규칙,,기존유지후보_추가검증
379780,RISE 미국S&P500,K55223EP9769,K55223DG4176,KB RISE 미국S&P500 증권 상장지수 투자신탁(주식),1,운용사_종목코드_상품명,https://eng.riseetf.co.kr/prod/finderDetail/44B3,변경후보_운용사확인
0138T0,RISE 미국S&P500데일리고정커버드콜,K55223EP9769,K55223EP9769,KB RISE 미국S&P500데일리고정커버드콜 증권 상장지수 투자신탁(주식),1,포털_이름규칙,,기존유지후보_추가검증
495050,RISE 코리아밸류업,K55223EM9762,K55223EF9191,KB RISE 코리아밸류업 증권 상장지수 투자신탁(주식),1,운용사_종목코드_상품명,https://www.riseetf.co.kr/upload/cdn/2026/04/09/202604091474bd36f2a041c.pdf,변경후보_운용사확인
0094M0,RISE 코리아밸류업위클리고정커버드콜,K55223EM9762,K55223EM9762,KB RISE 코리아밸류업위클리고정커버드콜 증권 상장지수 투자신탁(주식-파생형),1,포털_이름규칙,,기존유지후보_추가검증
270810,RISE 코스닥150,K55223BT0197,K55223BQ7476,KB RISE 코스닥 150 증권 상장지수 투자신탁(주식),1,운용사_종목코드_상품명,https://www.riseetf.co.kr/prod/finderDetail/4459,변경후보_운용사확인
275750,RISE 코스닥150선물인버스,K55223BT0197,K55223BT0197,KB RISE 코스닥150선물인버스증권 상장지수 투자신탁(주식-파생형),1,포털_이름규칙,,기존유지후보_추가검증
0066W0,SOL 국제금,K55210EH0144,K55210EK7169,신한SOL국제금특별자산상장지수투자신탁[금-재간접형],1,운용사_종목코드_상품명,https://www.soletf.com/en/fund,변경후보_운용사확인
0022T0,SOL 국제금커버드콜액티브,K55210EH0144,K55210EH0144,신한SOL국제금커버드콜액티브특별자산상장지수투자신탁[금-파생재간접형],1,포털_이름규칙,,기존유지후보_추가검증
433330,SOL 미국S&P500,K55210EF7513,K55210DU6020,신한SOL미국S&P500증권상장지수투자신탁[주식],1,운용사_종목코드_상품명,https://www.soletf.com/ko/strategy/pension?tabIndex=2,변경후보_운용사확인
499150,SOL 미국S&P500엔화노출(H),K55210EF7513,K55210EF7513,신한SOL미국S&P500엔화노출증권상장지수투자신탁[주식-파생형](H),1,운용사_종목코드_상품명,https://www.soletf.com/ko/strategy/pension?tabIndex=2,기존유지후보_운용사확인
466920,SOL 조선TOP3플러스,K55210EL7416,K55210E57725,신한SOL조선TOP3플러스증권상장지수투자신탁[주식],1,운용사_종목코드_상품명,https://www.soletf.com/ko/fund/etf/211028?tabIndex=1,변경후보_운용사확인
0080Y0,SOL 조선TOP3플러스레버리지,K55210EL7416,K55210EL7416,신한SOL조선TOP3플러스레버리지증권상장지수투자신탁[주식-파생형],1,포털_이름규칙,,기존유지후보_추가검증
102110,TIGER 200,K55301B69897,KR5225812712,미래에셋TIGER200 증권상장지수투자신탁(주식),1,포털_이름규칙,,변경후보_추가검증
227540,TIGER 200 헬스케어,K55301B69897,K55301B69897,미래에셋TIGER200헬스케어증권상장지수투자신탁(주식),1,포털_이름규칙,,기존유지후보_추가검증
329200,TIGER 리츠부동산인프라,K55301EL4868,K55301CS7395,미래에셋 TIGER 리츠부동산인프라혼합자산상장지수투자신탁(재간접형),1,운용사_종목코드_상품명,https://www.tigeretf.com/upload/etf/20250408022707005958.pdf,변경후보_운용사확인
0086B0,TIGER 리츠부동산인프라TOP10액티브,K55301EL4868,K55301EL4868,미래에셋TIGER리츠부동산인프라TOP10액티브부동산상장지수투자신탁(재간접형),1,포털_이름규칙,,기존유지후보_추가검증
490090,TIGER 미국AI빅테크10,K55301ED3282,K55301ED3241,미래에셋TIGER미국AI빅테크10증권상장지수투자신탁(주식),1,운용사_종목코드_상품명,https://www.tigeretf.com/upload/etf/20250523022929007996.pdf,변경후보_운용사확인
493810,TIGER 미국AI빅테크10타겟데일리커버드콜,K55301ED3282,K55301ED3282,미래에셋TIGER미국AI빅테크10타겟데일리커버드콜증권상장지수투자신탁(주식),1,포털_이름규칙,,기존유지후보_추가검증
133690,TIGER 미국나스닥100,K55301DU4926,KR5225652084,미래에셋TIGER미국나스닥100증권상장지수투자신탁(주식),1,운용사_종목코드_상품명,https://www.tigeretf.com/upload/etf/20250804095126005665.pdf,변경후보_운용사확인
435420,TIGER 미국나스닥100채권혼합50,K55301DU4926,K55301DU4926,미래에셋TIGER미국나스닥100채권혼합50증권상장지수투자신탁(채권혼합),1,포털_이름규칙,,기존유지후보_추가검증
458730,TIGER 미국배당다우존스,K55301EG7256,K55301E27634,미래에셋 TIGER 미국배당다우존스증권상장지수투자신탁(주식),1,운용사_종목코드_상품명,https://www.tigeretf.com/upload/etf/20250804095349009577.pdf,변경후보_운용사확인
0008S0,TIGER 미국배당다우존스타겟데일리커버드콜,K55301EG7256,K55301EG7256,미래에셋 TIGER 미국배당다우존스타겟데일리커버드콜증권상장지수투자신탁(주식),1,포털_이름규칙,,기존유지후보_추가검증
091230,TIGER 반도체,K55301ES2840,KR5225578230,미래에셋TIGER 반도체 증권상장지수투자신탁(주식),1,포털_이름규칙,,변경후보_추가검증
396500,TIGER 반도체TOP10,K55301ES2840,K55301DL2400,미래에셋TIGER반도체TOP10증권상장지수투자신탁(주식),1,운용사_종목코드_상품명,https://www.tigeretf.com/upload/etf/20250408022714004396.pdf,변경후보_운용사확인
0177R0,TIGER 반도체TOP10커버드콜액티브,K55301ES2840,K55301ES2840,미래에셋TIGER반도체TOP10커버드콜액티브증권상장지수투자신탁(주식-파생형),1,포털_이름규칙,,기존유지후보_추가검증
192090,TIGER 차이나CSI300,KR5301AU9086,KR5301AL9756,미래에셋TIGER차이나CSI300증권상장지수자투자신탁(주식-파생형),1,운용사_종목코드_상품명,https://www.tigeretf.com/upload/etf/20250611092529009329.pdf,변경후보_운용사확인
204480,TIGER 차이나CSI300레버리지(합성),KR5301AU9086,KR5301AU9086,미래에셋TIGER차이나CSI300레버리지증권상장지수투자신탁(주식혼합-파생재간접형)(합성),1,운용사_종목코드_상품명,https://www.tigeretf.com/upload/etf/20250404024858009570.pdf,기존유지후보_운용사확인
232080,TIGER 코스닥150,K55301BJ7017,K55301B84235,미래에셋TIGER코스닥150증권상장지수투자신탁(주식),1,운용사_종목코드_상품명,https://www.tigeretf.com/upload/etf/20250611092530009636.pdf,변경후보_운용사확인
261060,TIGER 코스닥150IT,K55301BJ7017,K55301BJ7017,미래에셋TIGER코스닥150IT증권상장지수투자신탁(주식),1,포털_이름규칙,,기존유지후보_추가검증
277630,TIGER 코스피,KR5301AX7376,K55301BV2921,미래에셋TIGER코스피증권상장지수투자신탁(주식),1,포털_이름규칙,,변경후보_추가검증
210780,TIGER 코스피고배당,KR5301AX7376,KR5301AX7376,미래에셋TIGER코스피고배당증권상장지수투자신탁(주식),1,포털_이름규칙,,기존유지후보_추가검증
