ISU_CD,상태,srtnCd,asoStdCd,포털펀드명,메모
219900,확정,B2629,K55101B26297,한국투자 ACE 중국본토레버리지CSI300증권상장지수투자신탁(주식혼합-파생형)(합성),같은 상품. 포털은 단어 순서가 다름
0084E0,확정,EJ715,K55206EJ7150,키움KIWOOM US대형500월간목표헤지액티브증권상장지수투자신탁[혼합-파생재간접형],"같은 상품. 포털은 「미국」을 US, 「대형주」를 「대형」으로 씀"
200250,확정,AS841,KR5206AS8419,키움 KIWOOM NIFTY50인디아증권상장지수투자신탁[주식-파생형](합성),같은 상품. 포털은 「인도」를 「인디아」로 씀
167860,확정,AC129,KR5206AC1297,키움 KIWOOM 10년국고채레버리지증권상장지수투자신탁[채권-파생형],같은 상품. 포털은 단어 순서가 다름
0086C0,확정,EL727,K55301EL7275,미래에셋TIGER리츠인프라10채권액티브증권상장지수투자신탁(채권혼합-재간접형),같은 상품. 포털은 「부동산」·「혼합」을 뺌
225060,확정,B5270,K55301B52703,미래에셋TIGERMSCIEM레버리지증권상장지수투자신탁(주식혼합-파생형)(합성 H),같은 상품. 포털은 「이머징마켓」을 EM으로 씀
0013R0,확정,EH616,K55223EH6161,KB RISE TSLA-UST타겟커버드콜증권상장지수투자신탁(채권혼합-파생재간접형)(합성),"같은 상품. 포털은 테슬라를 TSLA, 미국채를 UST로 씀"
289040,확인 필요,BZ584,K55105BZ5845,삼성KODEX MSCI ESG유니버설증권상장지수투자신탁[주식형],포털 이름에 KOREA가 없음
143850,확인 필요,A4668,KR5225A46688,미래에셋TIGERS&P500선물증권상장지수투자신탁(주식-파생형)(H),포털 이름에 「미국」이 없음
130680,확인 필요,28794,KR5225287949,미래에셋TIGER원유선물특별자산상장지수투자신탁(원유-파생형)(H),포털 이름에 Enhanced가 없음. 인버스와 구분되는 기본형 한 건뿐
137610,확인 필요,98711,KR5225987118,미래에셋TIGER농산물선물특별자산상장지수투자신탁(농산물-파생형)(H),포털 이름에 Enhanced가 없음
105010,확인 필요,84474,KR5225844749,미래에셋TIGER라틴 증권상장지수투자신탁(주식),포털 이름에 35가 없음
153270,확인 필요,A8322,KR5391A83228,키움 KIWOOM 100 증권상장지수투자신탁[주식],포털 이름에 「코스피」가 없음
159800,확인 필요,AB397,KR5216AB3979,DB마이티K100증권상장지수투자신탁[주식],포털은 코스피를 K로 씀
140950,확인 필요,A2485,KR5207A24857,교보악사파워K100증권상장지수투자신탁(주식),포털은 코스피를 K로 씀
122260,확인 필요,18411,KR5206184115,키움 KIWOOM 통안채상장지수증권투자신탁[채권],포털 이름에 「1년」이 없음
185680,확인 필요,AL963,KR5105AL9630,삼성KODEX 합성-미국 바이오테크증권상장지수투자신탁[주식-파생형],포털은 「합성-미국 바이오테크」로 씀. 이름 차이가 커서 같은 상품인지 불확실
114460,보류,,,,같은 이름의 포털 상품 없음. 가장 가까운 것은 「한국투자 ACE 국고채10년증권상장지수투자신탁(채권)」이나 다른 상품
190620,보류,,,,같은 이름의 포털 상품 없음. 가장 가까운 것은 「한국투자 ACE 단기자금 증권 상장지수투자신탁(채권)」이나 다른 상품
108450,보류,,,,같은 이름의 포털 상품 없음. 가장 가까운 것은 「한국투자 ACE 삼성그룹주 동일가중 증권 상장지수투자신탁(주식)」이나 다른 상품
196030,보류,,,,같은 이름의 포털 상품 없음. 가장 가까운 것은 「한국투자 ACE 일본 레버리지 증권 상장지수투자신탁(주식-재간접파생형)(」이나 다른 상품
205720,보류,,,,같은 이름의 포털 상품 없음. 가장 가까운 것은 「한국투자 ACE 일본인버스 증권 상장지수투자신탁(주식-파생형)(합성 H)」이나 다른 상품
285690,보류,,,,같은 이름의 포털 상품 없음. 가장 가까운 것은 「신한SOL미국S&P500ESG증권상장지수투자신탁[주식]」이나 다른 상품
0073X0,보류,,,,같은 이름의 포털 상품 없음. 가장 가까운 것은 「신한SOL팔란티어미국채커버드콜혼합증권상장지수투자신탁[채권혼합-파생재간접형」이나 다른 상품
148070,보류,,,,같은 이름의 포털 상품 없음. 가장 가까운 것은 「키움 KIWOOM 국고채30년액티브증권상장지수투자신탁[채권]」이나 다른 상품
114470,보류,,,,같은 이름의 포털 상품 없음. 가장 가까운 것은 「키움 KIWOOM 국고채30년액티브증권상장지수투자신탁[채권]」이나 다른 상품
152380,보류,,,,같은 이름의 포털 상품 없음. 가장 가까운 것은 「삼성 KODEX 국고채10년액티브증권상장지수투자신탁[채권]」이나 다른 상품
176950,보류,,,,같은 이름의 포털 상품 없음. 가장 가까운 것은 「삼성KODEX국채선물3년인버스증권상장지수투자신탁[채권-파생형]」이나 다른 상품
219480,보류,,,,같은 이름의 포털 상품 없음. 가장 가까운 것은 「삼성 KODEX 미국S&P500 증권상장지수투자신탁[주식]」이나 다른 상품
169950,보류,,,,같은 이름의 포털 상품 없음. 가장 가까운 것은 「삼성KODEX 차이나과창판STAR50증권상장지수투자신탁[주식-파생형](합」이나 다른 상품
269540,보류,,,,같은 이름의 포털 상품 없음. 가장 가까운 것은 「한화 PLUS 미국S&P500 증권상장지수투자신탁(주식)」이나 다른 상품
182480,보류,,,,같은 이름의 포털 상품 없음. 가장 가까운 것은 「미래에셋TIGERMSCIUS리츠부동산상장지수투자신탁(파생형)(합성 H)」이나 다른 상품
225030,보류,,,,같은 이름의 포털 상품 없음. 가장 가까운 것은 「미래에셋TIGERS&P500인버스선물증권상장지수투자신탁(주식-파생형)(H」이나 다른 상품
0000D0,보류,,,,같은 이름의 포털 상품 없음. 가장 가까운 것은 「미래에셋TIGER미국30년국채커버드콜액티브증권상장지수투자신탁(채권-재간접」이나 다른 상품
217770,보류,,,,같은 이름의 포털 상품 없음. 가장 가까운 것은 「미래에셋TIGER일본엔선물인버스특별자산상장지수투자신탁(엔-파생형)」이나 다른 상품
236350,보류,,,,같은 이름의 포털 상품 없음. 가장 가까운 것은 「미래에셋TIGER인도니프티50증권상장지수투자신탁(주식-파생형)」이나 다른 상품
195920,보류,,,,같은 이름의 포털 상품 없음. 가장 가까운 것은 「미래에셋 TIGER 미국테크TOP10 INDXX증권상장지수투자신탁(주식)」이나 다른 상품
117690,보류,,,,같은 이름의 포털 상품 없음. 가장 가까운 것은 「미래에셋 TIGER 차이나항셍테크증권상장지수투자신탁(주식)」이나 다른 상품
